<annotation>
	<folder />
	<filename>100_jpg.rf.1dbf7ec4662923b27f46efcd4dcdb061.jpg</filename>
	<path>PascalVOC\JPEGImages\100_jpg.rf.1dbf7ec4662923b27f46efcd4dcdb061.jpg</path>
	<source>
		<database>roboflow.com</database>
	</source>
	<size>
		<width>640</width>
		<height>640</height>
		<depth>3</depth>
	</size>
	<segmented>0</segmented>
	<object>
		<name>awake</name>
		<pose>Unspecified</pose>
		<truncated>0</truncated>
		<difficult>0</difficult>
		<occluded>0</occluded>
		<bndbox>
			<xmin>328</xmin>
			<xmax>456</xmax>
			<ymin>77</ymin>
			<ymax>384</ymax>
		</bndbox>
	</object>
	</annotation>