<annotation>
	<folder />
	<filename>101_jpg.rf.00606dd8157163a5d8800c952bdd7222.jpg</filename>
	<path>PascalVOC\JPEGImages\101_jpg.rf.00606dd8157163a5d8800c952bdd7222.jpg</path>
	<source>
		<database>roboflow.com</database>
	</source>
	<size>
		<width>640</width>
		<height>640</height>
		<depth>3</depth>
	</size>
	<segmented>0</segmented>
	<object>
		<name>drowsy</name>
		<pose>Unspecified</pose>
		<truncated>0</truncated>
		<difficult>0</difficult>
		<occluded>0</occluded>
		<bndbox>
			<xmin>61</xmin>
			<xmax>309</xmax>
			<ymin>33</ymin>
			<ymax>481</ymax>
		</bndbox>
	</object>
	</annotation>