<annotation>
	<folder />
	<filename>104_jpg.rf.cb04343ba2d7a2cfe400769dc1b75797.jpg</filename>
	<path>PascalVOC\JPEGImages\104_jpg.rf.cb04343ba2d7a2cfe400769dc1b75797.jpg</path>
	<source>
		<database>roboflow.com</database>
	</source>
	<size>
		<width>640</width>
		<height>640</height>
		<depth>3</depth>
	</size>
	<segmented>0</segmented>
	<object>
		<name>drowsy</name>
		<pose>Unspecified</pose>
		<truncated>0</truncated>
		<difficult>0</difficult>
		<occluded>0</occluded>
		<bndbox>
			<xmin>60</xmin>
			<xmax>303</xmax>
			<ymin>44</ymin>
			<ymax>474</ymax>
		</bndbox>
	</object>
	</annotation>