<annotation>
	<folder />
	<filename>1061_jpg.rf.1d516a5c3d0f9b49a8e418ad6d704567.jpg</filename>
	<path>PascalVOC\JPEGImages\1061_jpg.rf.1d516a5c3d0f9b49a8e418ad6d704567.jpg</path>
	<source>
		<database>roboflow.com</database>
	</source>
	<size>
		<width>640</width>
		<height>640</height>
		<depth>3</depth>
	</size>
	<segmented>0</segmented>
	<object>
		<name>awake</name>
		<pose>Unspecified</pose>
		<truncated>0</truncated>
		<difficult>0</difficult>
		<occluded>0</occluded>
		<bndbox>
			<xmin>230</xmin>
			<xmax>472</xmax>
			<ymin>142</ymin>
			<ymax>553</ymax>
		</bndbox>
	</object>
	</annotation>