<annotation>
	<folder />
	<filename>106_jpg.rf.3b81005b5d8243984697076bfc79d7d9.jpg</filename>
	<path>PascalVOC\JPEGImages\106_jpg.rf.3b81005b5d8243984697076bfc79d7d9.jpg</path>
	<source>
		<database>roboflow.com</database>
	</source>
	<size>
		<width>640</width>
		<height>640</height>
		<depth>3</depth>
	</size>
	<segmented>0</segmented>
	<object>
		<name>drowsy</name>
		<pose>Unspecified</pose>
		<truncated>0</truncated>
		<difficult>0</difficult>
		<occluded>0</occluded>
		<bndbox>
			<xmin>65</xmin>
			<xmax>307</xmax>
			<ymin>40</ymin>
			<ymax>488</ymax>
		</bndbox>
	</object>
	</annotation>