<annotation>
	<folder />
	<filename>109_jpg.rf.f04761afc89c6483b0098ae02c0016e4.jpg</filename>
	<path>PascalVOC\JPEGImages\109_jpg.rf.f04761afc89c6483b0098ae02c0016e4.jpg</path>
	<source>
		<database>roboflow.com</database>
	</source>
	<size>
		<width>640</width>
		<height>640</height>
		<depth>3</depth>
	</size>
	<segmented>0</segmented>
	<object>
		<name>drowsy</name>
		<pose>Unspecified</pose>
		<truncated>0</truncated>
		<difficult>0</difficult>
		<occluded>0</occluded>
		<bndbox>
			<xmin>67</xmin>
			<xmax>310</xmax>
			<ymin>40</ymin>
			<ymax>486</ymax>
		</bndbox>
	</object>
	</annotation>