<annotation>
	<folder />
	<filename>10_jpg.rf.e4696bc5b792a8821fb5a9eb8d6c81d6.jpg</filename>
	<path>PascalVOC\JPEGImages\10_jpg.rf.e4696bc5b792a8821fb5a9eb8d6c81d6.jpg</path>
	<source>
		<database>roboflow.com</database>
	</source>
	<size>
		<width>640</width>
		<height>640</height>
		<depth>3</depth>
	</size>
	<segmented>0</segmented>
	<object>
		<name>drowsy</name>
		<pose>Unspecified</pose>
		<truncated>0</truncated>
		<difficult>0</difficult>
		<occluded>0</occluded>
		<bndbox>
			<xmin>243</xmin>
			<xmax>405</xmax>
			<ymin>120</ymin>
			<ymax>449</ymax>
		</bndbox>
	</object>
	</annotation>