<annotation>
	<folder />
	<filename>110_jpg.rf.3dc7f22364f766f4277ac9ebc4bb3dd4.jpg</filename>
	<path>PascalVOC\JPEGImages\110_jpg.rf.3dc7f22364f766f4277ac9ebc4bb3dd4.jpg</path>
	<source>
		<database>roboflow.com</database>
	</source>
	<size>
		<width>640</width>
		<height>640</height>
		<depth>3</depth>
	</size>
	<segmented>0</segmented>
	<object>
		<name>drowsy</name>
		<pose>Unspecified</pose>
		<truncated>0</truncated>
		<difficult>0</difficult>
		<occluded>0</occluded>
		<bndbox>
			<xmin>188</xmin>
			<xmax>446</xmax>
			<ymin>28</ymin>
			<ymax>426</ymax>
		</bndbox>
	</object>
	</annotation>