<annotation>
	<folder />
	<filename>1117_jpg.rf.70c7713900907b876fef267df94ffdc9.jpg</filename>
	<path>PascalVOC\JPEGImages\1117_jpg.rf.70c7713900907b876fef267df94ffdc9.jpg</path>
	<source>
		<database>roboflow.com</database>
	</source>
	<size>
		<width>640</width>
		<height>640</height>
		<depth>3</depth>
	</size>
	<segmented>0</segmented>
	<object>
		<name>awake</name>
		<pose>Unspecified</pose>
		<truncated>0</truncated>
		<difficult>0</difficult>
		<occluded>0</occluded>
		<bndbox>
			<xmin>199</xmin>
			<xmax>410</xmax>
			<ymin>122</ymin>
			<ymax>522</ymax>
		</bndbox>
	</object>
	</annotation>