<annotation>
	<folder />
	<filename>1128_jpg.rf.edfc8b21901a0bd73b9dd0c4062d17f0.jpg</filename>
	<path>PascalVOC\JPEGImages\1128_jpg.rf.edfc8b21901a0bd73b9dd0c4062d17f0.jpg</path>
	<source>
		<database>roboflow.com</database>
	</source>
	<size>
		<width>640</width>
		<height>640</height>
		<depth>3</depth>
	</size>
	<segmented>0</segmented>
	<object>
		<name>awake</name>
		<pose>Unspecified</pose>
		<truncated>0</truncated>
		<difficult>0</difficult>
		<occluded>0</occluded>
		<bndbox>
			<xmin>248</xmin>
			<xmax>425</xmax>
			<ymin>125</ymin>
			<ymax>469</ymax>
		</bndbox>
	</object>
	</annotation>