<annotation>
	<folder />
	<filename>112_jpg.rf.893fbfaa35af2999224fa7159c6c2684.jpg</filename>
	<path>PascalVOC\JPEGImages\112_jpg.rf.893fbfaa35af2999224fa7159c6c2684.jpg</path>
	<source>
		<database>roboflow.com</database>
	</source>
	<size>
		<width>640</width>
		<height>640</height>
		<depth>3</depth>
	</size>
	<segmented>0</segmented>
	<object>
		<name>awake</name>
		<pose>Unspecified</pose>
		<truncated>0</truncated>
		<difficult>0</difficult>
		<occluded>0</occluded>
		<bndbox>
			<xmin>203</xmin>
			<xmax>408</xmax>
			<ymin>85</ymin>
			<ymax>448</ymax>
		</bndbox>
	</object>
	</annotation>