<annotation>
	<folder />
	<filename>112_jpg.rf.3834c1043910fa3b3505613e4457c55f.jpg</filename>
	<path>PascalVOC\JPEGImages\112_jpg.rf.3834c1043910fa3b3505613e4457c55f.jpg</path>
	<source>
		<database>roboflow.com</database>
	</source>
	<size>
		<width>640</width>
		<height>640</height>
		<depth>3</depth>
	</size>
	<segmented>0</segmented>
	<object>
		<name>drowsy</name>
		<pose>Unspecified</pose>
		<truncated>0</truncated>
		<difficult>0</difficult>
		<occluded>0</occluded>
		<bndbox>
			<xmin>195</xmin>
			<xmax>458</xmax>
			<ymin>31</ymin>
			<ymax>438</ymax>
		</bndbox>
	</object>
	</annotation>