<annotation>
	<folder />
	<filename>1130_jpg.rf.6e0893fe4ee1867fe0d35dc47ed41f86.jpg</filename>
	<path>PascalVOC\JPEGImages\1130_jpg.rf.6e0893fe4ee1867fe0d35dc47ed41f86.jpg</path>
	<source>
		<database>roboflow.com</database>
	</source>
	<size>
		<width>640</width>
		<height>640</height>
		<depth>3</depth>
	</size>
	<segmented>0</segmented>
	<object>
		<name>awake</name>
		<pose>Unspecified</pose>
		<truncated>0</truncated>
		<difficult>0</difficult>
		<occluded>0</occluded>
		<bndbox>
			<xmin>256</xmin>
			<xmax>450</xmax>
			<ymin>128</ymin>
			<ymax>483</ymax>
		</bndbox>
	</object>
	</annotation>