<annotation>
	<folder />
	<filename>114_jpg.rf.ab257a78956c66bde37b73c966d54a2f.jpg</filename>
	<path>PascalVOC\JPEGImages\114_jpg.rf.ab257a78956c66bde37b73c966d54a2f.jpg</path>
	<source>
		<database>roboflow.com</database>
	</source>
	<size>
		<width>640</width>
		<height>640</height>
		<depth>3</depth>
	</size>
	<segmented>0</segmented>
	<object>
		<name>drowsy</name>
		<pose>Unspecified</pose>
		<truncated>0</truncated>
		<difficult>0</difficult>
		<occluded>0</occluded>
		<bndbox>
			<xmin>197</xmin>
			<xmax>455</xmax>
			<ymin>28</ymin>
			<ymax>435</ymax>
		</bndbox>
	</object>
	</annotation>