<annotation>
	<folder />
	<filename>118_jpg.rf.1ea6c0301b3f8a34224d81a9df79a032.jpg</filename>
	<path>PascalVOC\JPEGImages\118_jpg.rf.1ea6c0301b3f8a34224d81a9df79a032.jpg</path>
	<source>
		<database>roboflow.com</database>
	</source>
	<size>
		<width>640</width>
		<height>640</height>
		<depth>3</depth>
	</size>
	<segmented>0</segmented>
	<object>
		<name>drowsy</name>
		<pose>Unspecified</pose>
		<truncated>0</truncated>
		<difficult>0</difficult>
		<occluded>0</occluded>
		<bndbox>
			<xmin>199</xmin>
			<xmax>459</xmax>
			<ymin>32</ymin>
			<ymax>433</ymax>
		</bndbox>
	</object>
	</annotation>