<annotation>
	<folder />
	<filename>119_jpg.rf.11cdc711f51b07972ffc0de59fcf722b.jpg</filename>
	<path>PascalVOC\JPEGImages\119_jpg.rf.11cdc711f51b07972ffc0de59fcf722b.jpg</path>
	<source>
		<database>roboflow.com</database>
	</source>
	<size>
		<width>640</width>
		<height>640</height>
		<depth>3</depth>
	</size>
	<segmented>0</segmented>
	<object>
		<name>awake</name>
		<pose>Unspecified</pose>
		<truncated>0</truncated>
		<difficult>0</difficult>
		<occluded>0</occluded>
		<bndbox>
			<xmin>322</xmin>
			<xmax>449</xmax>
			<ymin>72</ymin>
			<ymax>375</ymax>
		</bndbox>
	</object>
	</annotation>