<annotation>
	<folder />
	<filename>11_jpg.rf.08a5d4a50b59df29fa577e7126565149.jpg</filename>
	<path>PascalVOC\JPEGImages\11_jpg.rf.08a5d4a50b59df29fa577e7126565149.jpg</path>
	<source>
		<database>roboflow.com</database>
	</source>
	<size>
		<width>640</width>
		<height>640</height>
		<depth>3</depth>
	</size>
	<segmented>0</segmented>
	<object>
		<name>drowsy</name>
		<pose>Unspecified</pose>
		<truncated>0</truncated>
		<difficult>0</difficult>
		<occluded>0</occluded>
		<bndbox>
			<xmin>240</xmin>
			<xmax>404</xmax>
			<ymin>112</ymin>
			<ymax>444</ymax>
		</bndbox>
	</object>
	</annotation>