<annotation>
	<folder />
	<filename>1208_jpg.rf.643d27ee4da0776d75d6d3140ffe4fab.jpg</filename>
	<path>PascalVOC\JPEGImages\1208_jpg.rf.643d27ee4da0776d75d6d3140ffe4fab.jpg</path>
	<source>
		<database>roboflow.com</database>
	</source>
	<size>
		<width>640</width>
		<height>640</height>
		<depth>3</depth>
	</size>
	<segmented>0</segmented>
	<object>
		<name>awake</name>
		<pose>Unspecified</pose>
		<truncated>0</truncated>
		<difficult>0</difficult>
		<occluded>0</occluded>
		<bndbox>
			<xmin>303</xmin>
			<xmax>519</xmax>
			<ymin>119</ymin>
			<ymax>497</ymax>
		</bndbox>
	</object>
	</annotation>