<annotation>
	<folder />
	<filename>1214_jpg.rf.e751d59fbe8a5943ed29b3d5c4bb6166.jpg</filename>
	<path>PascalVOC\JPEGImages\1214_jpg.rf.e751d59fbe8a5943ed29b3d5c4bb6166.jpg</path>
	<source>
		<database>roboflow.com</database>
	</source>
	<size>
		<width>640</width>
		<height>640</height>
		<depth>3</depth>
	</size>
	<segmented>0</segmented>
	<object>
		<name>awake</name>
		<pose>Unspecified</pose>
		<truncated>0</truncated>
		<difficult>0</difficult>
		<occluded>0</occluded>
		<bndbox>
			<xmin>339</xmin>
			<xmax>507</xmax>
			<ymin>113</ymin>
			<ymax>484</ymax>
		</bndbox>
	</object>
	</annotation>