<annotation>
	<folder />
	<filename>123_jpg.rf.bc0e9ca97891c02233d5e93394d01f90.jpg</filename>
	<path>PascalVOC\JPEGImages\123_jpg.rf.bc0e9ca97891c02233d5e93394d01f90.jpg</path>
	<source>
		<database>roboflow.com</database>
	</source>
	<size>
		<width>640</width>
		<height>640</height>
		<depth>3</depth>
	</size>
	<segmented>0</segmented>
	<object>
		<name>drowsy</name>
		<pose>Unspecified</pose>
		<truncated>0</truncated>
		<difficult>0</difficult>
		<occluded>0</occluded>
		<bndbox>
			<xmin>214</xmin>
			<xmax>366</xmax>
			<ymin>102</ymin>
			<ymax>418</ymax>
		</bndbox>
	</object>
	</annotation>