<annotation>
	<folder />
	<filename>1247_jpg.rf.bc2c668d64c59fc59ab8508386c62e7f.jpg</filename>
	<path>PascalVOC\JPEGImages\1247_jpg.rf.bc2c668d64c59fc59ab8508386c62e7f.jpg</path>
	<source>
		<database>roboflow.com</database>
	</source>
	<size>
		<width>640</width>
		<height>640</height>
		<depth>3</depth>
	</size>
	<segmented>0</segmented>
	<object>
		<name>awake</name>
		<pose>Unspecified</pose>
		<truncated>0</truncated>
		<difficult>0</difficult>
		<occluded>0</occluded>
		<bndbox>
			<xmin>283</xmin>
			<xmax>478</xmax>
			<ymin>89</ymin>
			<ymax>446</ymax>
		</bndbox>
	</object>
	</annotation>