<annotation>
	<folder />
	<filename>125_jpg.rf.5f9537037e233cf016e656426fa3e7f2.jpg</filename>
	<path>PascalVOC\JPEGImages\125_jpg.rf.5f9537037e233cf016e656426fa3e7f2.jpg</path>
	<source>
		<database>roboflow.com</database>
	</source>
	<size>
		<width>640</width>
		<height>640</height>
		<depth>3</depth>
	</size>
	<segmented>0</segmented>
	<object>
		<name>drowsy</name>
		<pose>Unspecified</pose>
		<truncated>0</truncated>
		<difficult>0</difficult>
		<occluded>0</occluded>
		<bndbox>
			<xmin>205</xmin>
			<xmax>362</xmax>
			<ymin>107</ymin>
			<ymax>406</ymax>
		</bndbox>
	</object>
	</annotation>