<annotation>
	<folder />
	<filename>128_jpg.rf.76a44a0e0399f7c61854f7ac75a52c84.jpg</filename>
	<path>PascalVOC\JPEGImages\128_jpg.rf.76a44a0e0399f7c61854f7ac75a52c84.jpg</path>
	<source>
		<database>roboflow.com</database>
	</source>
	<size>
		<width>640</width>
		<height>640</height>
		<depth>3</depth>
	</size>
	<segmented>0</segmented>
	<object>
		<name>drowsy</name>
		<pose>Unspecified</pose>
		<truncated>0</truncated>
		<difficult>0</difficult>
		<occluded>0</occluded>
		<bndbox>
			<xmin>184</xmin>
			<xmax>335</xmax>
			<ymin>115</ymin>
			<ymax>408</ymax>
		</bndbox>
	</object>
	</annotation>