<annotation>
	<folder />
	<filename>129_jpg.rf.20f5be408d80df0ccc5058d4864284b9.jpg</filename>
	<path>PascalVOC\JPEGImages\129_jpg.rf.20f5be408d80df0ccc5058d4864284b9.jpg</path>
	<source>
		<database>roboflow.com</database>
	</source>
	<size>
		<width>640</width>
		<height>640</height>
		<depth>3</depth>
	</size>
	<segmented>0</segmented>
	<object>
		<name>drowsy</name>
		<pose>Unspecified</pose>
		<truncated>0</truncated>
		<difficult>0</difficult>
		<occluded>0</occluded>
		<bndbox>
			<xmin>204</xmin>
			<xmax>359</xmax>
			<ymin>110</ymin>
			<ymax>395</ymax>
		</bndbox>
	</object>
	</annotation>