<annotation>
	<folder />
	<filename>1320_jpg.rf.0bd239afd05dfe28a552e45cf2be5162.jpg</filename>
	<path>PascalVOC\JPEGImages\1320_jpg.rf.0bd239afd05dfe28a552e45cf2be5162.jpg</path>
	<source>
		<database>roboflow.com</database>
	</source>
	<size>
		<width>640</width>
		<height>640</height>
		<depth>3</depth>
	</size>
	<segmented>0</segmented>
	<object>
		<name>awake</name>
		<pose>Unspecified</pose>
		<truncated>0</truncated>
		<difficult>0</difficult>
		<occluded>0</occluded>
		<bndbox>
			<xmin>243</xmin>
			<xmax>421</xmax>
			<ymin>114</ymin>
			<ymax>482</ymax>
		</bndbox>
	</object>
	</annotation>