<annotation>
	<folder />
	<filename>1322_jpg.rf.8fda1dffb97d1ecf59f8e0a43bab800c.jpg</filename>
	<path>PascalVOC\JPEGImages\1322_jpg.rf.8fda1dffb97d1ecf59f8e0a43bab800c.jpg</path>
	<source>
		<database>roboflow.com</database>
	</source>
	<size>
		<width>640</width>
		<height>640</height>
		<depth>3</depth>
	</size>
	<segmented>0</segmented>
	<object>
		<name>awake</name>
		<pose>Unspecified</pose>
		<truncated>0</truncated>
		<difficult>0</difficult>
		<occluded>0</occluded>
		<bndbox>
			<xmin>257</xmin>
			<xmax>432</xmax>
			<ymin>132</ymin>
			<ymax>490</ymax>
		</bndbox>
	</object>
	</annotation>