<annotation>
	<folder />
	<filename>132_jpg.rf.15715a998a908288272e174739b0408b.jpg</filename>
	<path>PascalVOC\JPEGImages\132_jpg.rf.15715a998a908288272e174739b0408b.jpg</path>
	<source>
		<database>roboflow.com</database>
	</source>
	<size>
		<width>640</width>
		<height>640</height>
		<depth>3</depth>
	</size>
	<segmented>0</segmented>
	<object>
		<name>drowsy</name>
		<pose>Unspecified</pose>
		<truncated>0</truncated>
		<difficult>0</difficult>
		<occluded>0</occluded>
		<bndbox>
			<xmin>169</xmin>
			<xmax>315</xmax>
			<ymin>143</ymin>
			<ymax>427</ymax>
		</bndbox>
	</object>
	</annotation>