<annotation>
	<folder />
	<filename>133_jpg.rf.8e736356507239490d2e68f09c52da56.jpg</filename>
	<path>PascalVOC\JPEGImages\133_jpg.rf.8e736356507239490d2e68f09c52da56.jpg</path>
	<source>
		<database>roboflow.com</database>
	</source>
	<size>
		<width>640</width>
		<height>640</height>
		<depth>3</depth>
	</size>
	<segmented>0</segmented>
	<object>
		<name>drowsy</name>
		<pose>Unspecified</pose>
		<truncated>0</truncated>
		<difficult>0</difficult>
		<occluded>0</occluded>
		<bndbox>
			<xmin>220</xmin>
			<xmax>381</xmax>
			<ymin>167</ymin>
			<ymax>468</ymax>
		</bndbox>
	</object>
	</annotation>