<annotation>
	<folder />
	<filename>1357_jpg.rf.22bd5836d08aefc46744e8eb2557a36a.jpg</filename>
	<path>PascalVOC\JPEGImages\1357_jpg.rf.22bd5836d08aefc46744e8eb2557a36a.jpg</path>
	<source>
		<database>roboflow.com</database>
	</source>
	<size>
		<width>640</width>
		<height>640</height>
		<depth>3</depth>
	</size>
	<segmented>0</segmented>
	<object>
		<name>awake</name>
		<pose>Unspecified</pose>
		<truncated>0</truncated>
		<difficult>0</difficult>
		<occluded>0</occluded>
		<bndbox>
			<xmin>215</xmin>
			<xmax>434</xmax>
			<ymin>45</ymin>
			<ymax>421</ymax>
		</bndbox>
	</object>
	</annotation>