<annotation>
	<folder />
	<filename>135_jpg.rf.f490c56821df69537ea6e05d1b38c37a.jpg</filename>
	<path>PascalVOC\JPEGImages\135_jpg.rf.f490c56821df69537ea6e05d1b38c37a.jpg</path>
	<source>
		<database>roboflow.com</database>
	</source>
	<size>
		<width>640</width>
		<height>640</height>
		<depth>3</depth>
	</size>
	<segmented>0</segmented>
	<object>
		<name>drowsy</name>
		<pose>Unspecified</pose>
		<truncated>0</truncated>
		<difficult>0</difficult>
		<occluded>0</occluded>
		<bndbox>
			<xmin>228</xmin>
			<xmax>372</xmax>
			<ymin>163</ymin>
			<ymax>460</ymax>
		</bndbox>
	</object>
	</annotation>