<annotation>
	<folder />
	<filename>1363_jpg.rf.afaa23a6dd2e7919acd727a209cd9629.jpg</filename>
	<path>PascalVOC\JPEGImages\1363_jpg.rf.afaa23a6dd2e7919acd727a209cd9629.jpg</path>
	<source>
		<database>roboflow.com</database>
	</source>
	<size>
		<width>640</width>
		<height>640</height>
		<depth>3</depth>
	</size>
	<segmented>0</segmented>
	<object>
		<name>awake</name>
		<pose>Unspecified</pose>
		<truncated>0</truncated>
		<difficult>0</difficult>
		<occluded>0</occluded>
		<bndbox>
			<xmin>147</xmin>
			<xmax>358</xmax>
			<ymin>63</ymin>
			<ymax>430</ymax>
		</bndbox>
	</object>
	</annotation>