<annotation>
	<folder />
	<filename>1374_jpg.rf.b2a75d1269b8c0515a111936791a76f6.jpg</filename>
	<path>PascalVOC\JPEGImages\1374_jpg.rf.b2a75d1269b8c0515a111936791a76f6.jpg</path>
	<source>
		<database>roboflow.com</database>
	</source>
	<size>
		<width>640</width>
		<height>640</height>
		<depth>3</depth>
	</size>
	<segmented>0</segmented>
	<object>
		<name>awake</name>
		<pose>Unspecified</pose>
		<truncated>0</truncated>
		<difficult>0</difficult>
		<occluded>0</occluded>
		<bndbox>
			<xmin>239</xmin>
			<xmax>427</xmax>
			<ymin>115</ymin>
			<ymax>463</ymax>
		</bndbox>
	</object>
	</annotation>