<annotation>
	<folder />
	<filename>1378_jpg.rf.fdcfa5efc8775f32fcb6a2b825820d6c.jpg</filename>
	<path>PascalVOC\JPEGImages\1378_jpg.rf.fdcfa5efc8775f32fcb6a2b825820d6c.jpg</path>
	<source>
		<database>roboflow.com</database>
	</source>
	<size>
		<width>640</width>
		<height>640</height>
		<depth>3</depth>
	</size>
	<segmented>0</segmented>
	<object>
		<name>awake</name>
		<pose>Unspecified</pose>
		<truncated>0</truncated>
		<difficult>0</difficult>
		<occluded>0</occluded>
		<bndbox>
			<xmin>230</xmin>
			<xmax>418</xmax>
			<ymin>137</ymin>
			<ymax>469</ymax>
		</bndbox>
	</object>
	</annotation>