<annotation>
	<folder />
	<filename>137_jpg.rf.7ceeb6c14d1e778d296151aeb9f71539.jpg</filename>
	<path>PascalVOC\JPEGImages\137_jpg.rf.7ceeb6c14d1e778d296151aeb9f71539.jpg</path>
	<source>
		<database>roboflow.com</database>
	</source>
	<size>
		<width>640</width>
		<height>640</height>
		<depth>3</depth>
	</size>
	<segmented>0</segmented>
	<object>
		<name>drowsy</name>
		<pose>Unspecified</pose>
		<truncated>0</truncated>
		<difficult>0</difficult>
		<occluded>0</occluded>
		<bndbox>
			<xmin>70</xmin>
			<xmax>295</xmax>
			<ymin>23</ymin>
			<ymax>430</ymax>
		</bndbox>
	</object>
	</annotation>