<annotation>
	<folder />
	<filename>139_jpg.rf.3cffeb3e581e086f7f1b6658d35b86e7.jpg</filename>
	<path>PascalVOC\JPEGImages\139_jpg.rf.3cffeb3e581e086f7f1b6658d35b86e7.jpg</path>
	<source>
		<database>roboflow.com</database>
	</source>
	<size>
		<width>640</width>
		<height>640</height>
		<depth>3</depth>
	</size>
	<segmented>0</segmented>
	<object>
		<name>drowsy</name>
		<pose>Unspecified</pose>
		<truncated>0</truncated>
		<difficult>0</difficult>
		<occluded>0</occluded>
		<bndbox>
			<xmin>118</xmin>
			<xmax>306</xmax>
			<ymin>88</ymin>
			<ymax>440</ymax>
		</bndbox>
	</object>
	</annotation>