<annotation>
	<folder />
	<filename>13_jpg.rf.e83ea0fa9f9d90ac13b063c899371095.jpg</filename>
	<path>PascalVOC\JPEGImages\13_jpg.rf.e83ea0fa9f9d90ac13b063c899371095.jpg</path>
	<source>
		<database>roboflow.com</database>
	</source>
	<size>
		<width>640</width>
		<height>640</height>
		<depth>3</depth>
	</size>
	<segmented>0</segmented>
	<object>
		<name>drowsy</name>
		<pose>Unspecified</pose>
		<truncated>0</truncated>
		<difficult>0</difficult>
		<occluded>0</occluded>
		<bndbox>
			<xmin>239</xmin>
			<xmax>402</xmax>
			<ymin>113</ymin>
			<ymax>454</ymax>
		</bndbox>
	</object>
	</annotation>