<annotation>
	<folder />
	<filename>1411_jpg.rf.51984d185a6899f4210f5f409be358ae.jpg</filename>
	<path>PascalVOC\JPEGImages\1411_jpg.rf.51984d185a6899f4210f5f409be358ae.jpg</path>
	<source>
		<database>roboflow.com</database>
	</source>
	<size>
		<width>640</width>
		<height>640</height>
		<depth>3</depth>
	</size>
	<segmented>0</segmented>
	<object>
		<name>awake</name>
		<pose>Unspecified</pose>
		<truncated>0</truncated>
		<difficult>0</difficult>
		<occluded>0</occluded>
		<bndbox>
			<xmin>235</xmin>
			<xmax>434</xmax>
			<ymin>109</ymin>
			<ymax>468</ymax>
		</bndbox>
	</object>
	</annotation>