<annotation>
	<folder />
	<filename>141_jpg.rf.8a532b07ad2ae785f0e8bcb46982ae6a.jpg</filename>
	<path>PascalVOC\JPEGImages\141_jpg.rf.8a532b07ad2ae785f0e8bcb46982ae6a.jpg</path>
	<source>
		<database>roboflow.com</database>
	</source>
	<size>
		<width>640</width>
		<height>640</height>
		<depth>3</depth>
	</size>
	<segmented>0</segmented>
	<object>
		<name>drowsy</name>
		<pose>Unspecified</pose>
		<truncated>0</truncated>
		<difficult>0</difficult>
		<occluded>0</occluded>
		<bndbox>
			<xmin>115</xmin>
			<xmax>297</xmax>
			<ymin>89</ymin>
			<ymax>433</ymax>
		</bndbox>
	</object>
	</annotation>