<annotation>
	<folder />
	<filename>144_jpg.rf.3393fc5c57f38e8704703048449d143f.jpg</filename>
	<path>PascalVOC\JPEGImages\144_jpg.rf.3393fc5c57f38e8704703048449d143f.jpg</path>
	<source>
		<database>roboflow.com</database>
	</source>
	<size>
		<width>640</width>
		<height>640</height>
		<depth>3</depth>
	</size>
	<segmented>0</segmented>
	<object>
		<name>drowsy</name>
		<pose>Unspecified</pose>
		<truncated>0</truncated>
		<difficult>0</difficult>
		<occluded>0</occluded>
		<bndbox>
			<xmin>144</xmin>
			<xmax>325</xmax>
			<ymin>88</ymin>
			<ymax>457</ymax>
		</bndbox>
	</object>
	</annotation>