<annotation>
	<folder />
	<filename>146_jpg.rf.e79f57e0a223902307acf7f873f92e90.jpg</filename>
	<path>PascalVOC\JPEGImages\146_jpg.rf.e79f57e0a223902307acf7f873f92e90.jpg</path>
	<source>
		<database>roboflow.com</database>
	</source>
	<size>
		<width>640</width>
		<height>640</height>
		<depth>3</depth>
	</size>
	<segmented>0</segmented>
	<object>
		<name>drowsy</name>
		<pose>Unspecified</pose>
		<truncated>0</truncated>
		<difficult>0</difficult>
		<occluded>0</occluded>
		<bndbox>
			<xmin>154</xmin>
			<xmax>365</xmax>
			<ymin>123</ymin>
			<ymax>502</ymax>
		</bndbox>
	</object>
	</annotation>