<annotation>
	<folder />
	<filename>1497_jpg.rf.57a23e1cc6f97f963975258e3a9e8f61.jpg</filename>
	<path>PascalVOC\JPEGImages\1497_jpg.rf.57a23e1cc6f97f963975258e3a9e8f61.jpg</path>
	<source>
		<database>roboflow.com</database>
	</source>
	<size>
		<width>640</width>
		<height>640</height>
		<depth>3</depth>
	</size>
	<segmented>0</segmented>
	<object>
		<name>awake</name>
		<pose>Unspecified</pose>
		<truncated>0</truncated>
		<difficult>0</difficult>
		<occluded>0</occluded>
		<bndbox>
			<xmin>244</xmin>
			<xmax>474</xmax>
			<ymin>116</ymin>
			<ymax>508</ymax>
		</bndbox>
	</object>
	</annotation>