<annotation>
	<folder />
	<filename>1510_jpg.rf.b7589886593895e38fe9563510f21f17.jpg</filename>
	<path>PascalVOC\JPEGImages\1510_jpg.rf.b7589886593895e38fe9563510f21f17.jpg</path>
	<source>
		<database>roboflow.com</database>
	</source>
	<size>
		<width>640</width>
		<height>640</height>
		<depth>3</depth>
	</size>
	<segmented>0</segmented>
	<object>
		<name>awake</name>
		<pose>Unspecified</pose>
		<truncated>0</truncated>
		<difficult>0</difficult>
		<occluded>0</occluded>
		<bndbox>
			<xmin>247</xmin>
			<xmax>449</xmax>
			<ymin>96</ymin>
			<ymax>482</ymax>
		</bndbox>
	</object>
	</annotation>