<annotation>
	<folder />
	<filename>151_jpg.rf.a2378f85e6c248b0e08ed46880aaebd0.jpg</filename>
	<path>PascalVOC\JPEGImages\151_jpg.rf.a2378f85e6c248b0e08ed46880aaebd0.jpg</path>
	<source>
		<database>roboflow.com</database>
	</source>
	<size>
		<width>640</width>
		<height>640</height>
		<depth>3</depth>
	</size>
	<segmented>0</segmented>
	<object>
		<name>drowsy</name>
		<pose>Unspecified</pose>
		<truncated>0</truncated>
		<difficult>0</difficult>
		<occluded>0</occluded>
		<bndbox>
			<xmin>163</xmin>
			<xmax>382</xmax>
			<ymin>145</ymin>
			<ymax>494</ymax>
		</bndbox>
	</object>
	</annotation>