<annotation>
	<folder />
	<filename>1538_jpg.rf.ab4ce1788d5a4152731e739caf3b1555.jpg</filename>
	<path>PascalVOC\JPEGImages\1538_jpg.rf.ab4ce1788d5a4152731e739caf3b1555.jpg</path>
	<source>
		<database>roboflow.com</database>
	</source>
	<size>
		<width>640</width>
		<height>640</height>
		<depth>3</depth>
	</size>
	<segmented>0</segmented>
	<object>
		<name>awake</name>
		<pose>Unspecified</pose>
		<truncated>0</truncated>
		<difficult>0</difficult>
		<occluded>0</occluded>
		<bndbox>
			<xmin>186</xmin>
			<xmax>394</xmax>
			<ymin>191</ymin>
			<ymax>559</ymax>
		</bndbox>
	</object>
	</annotation>