<annotation>
	<folder />
	<filename>153_jpg.rf.86f0c6e46b0eb679b3342d1c091397a3.jpg</filename>
	<path>PascalVOC\JPEGImages\153_jpg.rf.86f0c6e46b0eb679b3342d1c091397a3.jpg</path>
	<source>
		<database>roboflow.com</database>
	</source>
	<size>
		<width>640</width>
		<height>640</height>
		<depth>3</depth>
	</size>
	<segmented>0</segmented>
	<object>
		<name>drowsy</name>
		<pose>Unspecified</pose>
		<truncated>0</truncated>
		<difficult>0</difficult>
		<occluded>0</occluded>
		<bndbox>
			<xmin>257</xmin>
			<xmax>404</xmax>
			<ymin>123</ymin>
			<ymax>391</ymax>
		</bndbox>
	</object>
	</annotation>