<annotation>
	<folder />
	<filename>154_jpg.rf.e1e6b77b9635f4859f78db452484eec2.jpg</filename>
	<path>PascalVOC\JPEGImages\154_jpg.rf.e1e6b77b9635f4859f78db452484eec2.jpg</path>
	<source>
		<database>roboflow.com</database>
	</source>
	<size>
		<width>640</width>
		<height>640</height>
		<depth>3</depth>
	</size>
	<segmented>0</segmented>
	<object>
		<name>drowsy</name>
		<pose>Unspecified</pose>
		<truncated>0</truncated>
		<difficult>0</difficult>
		<occluded>0</occluded>
		<bndbox>
			<xmin>265</xmin>
			<xmax>408</xmax>
			<ymin>115</ymin>
			<ymax>400</ymax>
		</bndbox>
	</object>
	</annotation>