<annotation>
	<folder />
	<filename>155_jpg.rf.323043c925a337af9dced8747ed6a6a3.jpg</filename>
	<path>PascalVOC\JPEGImages\155_jpg.rf.323043c925a337af9dced8747ed6a6a3.jpg</path>
	<source>
		<database>roboflow.com</database>
	</source>
	<size>
		<width>640</width>
		<height>640</height>
		<depth>3</depth>
	</size>
	<segmented>0</segmented>
	<object>
		<name>drowsy</name>
		<pose>Unspecified</pose>
		<truncated>0</truncated>
		<difficult>0</difficult>
		<occluded>0</occluded>
		<bndbox>
			<xmin>273</xmin>
			<xmax>414</xmax>
			<ymin>115</ymin>
			<ymax>396</ymax>
		</bndbox>
	</object>
	</annotation>