<annotation>
	<folder />
	<filename>157_jpg.rf.3a96fd5dc7def022284bff53caaf7313.jpg</filename>
	<path>PascalVOC\JPEGImages\157_jpg.rf.3a96fd5dc7def022284bff53caaf7313.jpg</path>
	<source>
		<database>roboflow.com</database>
	</source>
	<size>
		<width>640</width>
		<height>640</height>
		<depth>3</depth>
	</size>
	<segmented>0</segmented>
	<object>
		<name>drowsy</name>
		<pose>Unspecified</pose>
		<truncated>0</truncated>
		<difficult>0</difficult>
		<occluded>0</occluded>
		<bndbox>
			<xmin>287</xmin>
			<xmax>429</xmax>
			<ymin>113</ymin>
			<ymax>388</ymax>
		</bndbox>
	</object>
	</annotation>