<annotation>
	<folder />
	<filename>158_jpg.rf.69080eafe5159fcc217bf18a1941d07f.jpg</filename>
	<path>PascalVOC\JPEGImages\158_jpg.rf.69080eafe5159fcc217bf18a1941d07f.jpg</path>
	<source>
		<database>roboflow.com</database>
	</source>
	<size>
		<width>640</width>
		<height>640</height>
		<depth>3</depth>
	</size>
	<segmented>0</segmented>
	<object>
		<name>drowsy</name>
		<pose>Unspecified</pose>
		<truncated>0</truncated>
		<difficult>0</difficult>
		<occluded>0</occluded>
		<bndbox>
			<xmin>292</xmin>
			<xmax>435</xmax>
			<ymin>118</ymin>
			<ymax>379</ymax>
		</bndbox>
	</object>
	</annotation>