<annotation>
	<folder />
	<filename>1592_jpg.rf.183f164dd86a0d26fb61424096bed131.jpg</filename>
	<path>PascalVOC\JPEGImages\1592_jpg.rf.183f164dd86a0d26fb61424096bed131.jpg</path>
	<source>
		<database>roboflow.com</database>
	</source>
	<size>
		<width>640</width>
		<height>640</height>
		<depth>3</depth>
	</size>
	<segmented>0</segmented>
	<object>
		<name>awake</name>
		<pose>Unspecified</pose>
		<truncated>0</truncated>
		<difficult>0</difficult>
		<occluded>0</occluded>
		<bndbox>
			<xmin>271</xmin>
			<xmax>495</xmax>
			<ymin>152</ymin>
			<ymax>538</ymax>
		</bndbox>
	</object>
	</annotation>