<annotation>
	<folder />
	<filename>1599_jpg.rf.812bd7f99038ebabe86dd4ce8fdd1054.jpg</filename>
	<path>PascalVOC\JPEGImages\1599_jpg.rf.812bd7f99038ebabe86dd4ce8fdd1054.jpg</path>
	<source>
		<database>roboflow.com</database>
	</source>
	<size>
		<width>640</width>
		<height>640</height>
		<depth>3</depth>
	</size>
	<segmented>0</segmented>
	<object>
		<name>awake</name>
		<pose>Unspecified</pose>
		<truncated>0</truncated>
		<difficult>0</difficult>
		<occluded>0</occluded>
		<bndbox>
			<xmin>299</xmin>
			<xmax>498</xmax>
			<ymin>153</ymin>
			<ymax>532</ymax>
		</bndbox>
	</object>
	</annotation>