<annotation>
	<folder />
	<filename>1629_jpg.rf.66862953a5141c6c9af83c25e3e74508.jpg</filename>
	<path>PascalVOC\JPEGImages\1629_jpg.rf.66862953a5141c6c9af83c25e3e74508.jpg</path>
	<source>
		<database>roboflow.com</database>
	</source>
	<size>
		<width>640</width>
		<height>640</height>
		<depth>3</depth>
	</size>
	<segmented>0</segmented>
	<object>
		<name>awake</name>
		<pose>Unspecified</pose>
		<truncated>0</truncated>
		<difficult>0</difficult>
		<occluded>0</occluded>
		<bndbox>
			<xmin>254</xmin>
			<xmax>430</xmax>
			<ymin>184</ymin>
			<ymax>480</ymax>
		</bndbox>
	</object>
	</annotation>