<annotation>
	<folder />
	<filename>166_jpg.rf.619f4baee5a6738f1bfed653baf3e9f0.jpg</filename>
	<path>PascalVOC\JPEGImages\166_jpg.rf.619f4baee5a6738f1bfed653baf3e9f0.jpg</path>
	<source>
		<database>roboflow.com</database>
	</source>
	<size>
		<width>640</width>
		<height>640</height>
		<depth>3</depth>
	</size>
	<segmented>0</segmented>
	<object>
		<name>drowsy</name>
		<pose>Unspecified</pose>
		<truncated>0</truncated>
		<difficult>0</difficult>
		<occluded>0</occluded>
		<bndbox>
			<xmin>160</xmin>
			<xmax>456</xmax>
			<ymin>39</ymin>
			<ymax>511</ymax>
		</bndbox>
	</object>
	</annotation>