<annotation>
	<folder />
	<filename>1712_jpg.rf.cdf8db684a908be94f2850d807eb212a.jpg</filename>
	<path>PascalVOC\JPEGImages\1712_jpg.rf.cdf8db684a908be94f2850d807eb212a.jpg</path>
	<source>
		<database>roboflow.com</database>
	</source>
	<size>
		<width>640</width>
		<height>640</height>
		<depth>3</depth>
	</size>
	<segmented>0</segmented>
	<object>
		<name>awake</name>
		<pose>Unspecified</pose>
		<truncated>0</truncated>
		<difficult>0</difficult>
		<occluded>0</occluded>
		<bndbox>
			<xmin>270</xmin>
			<xmax>454</xmax>
			<ymin>147</ymin>
			<ymax>524</ymax>
		</bndbox>
	</object>
	</annotation>