<annotation>
	<folder />
	<filename>171_jpg.rf.f21af3ddd51b188faf42b0d41e8aed35.jpg</filename>
	<path>PascalVOC\JPEGImages\171_jpg.rf.f21af3ddd51b188faf42b0d41e8aed35.jpg</path>
	<source>
		<database>roboflow.com</database>
	</source>
	<size>
		<width>640</width>
		<height>640</height>
		<depth>3</depth>
	</size>
	<segmented>0</segmented>
	<object>
		<name>drowsy</name>
		<pose>Unspecified</pose>
		<truncated>0</truncated>
		<difficult>0</difficult>
		<occluded>0</occluded>
		<bndbox>
			<xmin>201</xmin>
			<xmax>365</xmax>
			<ymin>51</ymin>
			<ymax>375</ymax>
		</bndbox>
	</object>
	</annotation>