<annotation>
	<folder />
	<filename>172_jpg.rf.237836e53a1363d14c7b7968eed12a1f.jpg</filename>
	<path>PascalVOC\JPEGImages\172_jpg.rf.237836e53a1363d14c7b7968eed12a1f.jpg</path>
	<source>
		<database>roboflow.com</database>
	</source>
	<size>
		<width>640</width>
		<height>640</height>
		<depth>3</depth>
	</size>
	<segmented>0</segmented>
	<object>
		<name>drowsy</name>
		<pose>Unspecified</pose>
		<truncated>0</truncated>
		<difficult>0</difficult>
		<occluded>0</occluded>
		<bndbox>
			<xmin>216</xmin>
			<xmax>371</xmax>
			<ymin>51</ymin>
			<ymax>365</ymax>
		</bndbox>
	</object>
	</annotation>