<annotation>
	<folder />
	<filename>1735_jpg.rf.7c858e51c71c1231bbc12f79dad3903d.jpg</filename>
	<path>PascalVOC\JPEGImages\1735_jpg.rf.7c858e51c71c1231bbc12f79dad3903d.jpg</path>
	<source>
		<database>roboflow.com</database>
	</source>
	<size>
		<width>640</width>
		<height>640</height>
		<depth>3</depth>
	</size>
	<segmented>0</segmented>
	<object>
		<name>drowsy</name>
		<pose>Unspecified</pose>
		<truncated>0</truncated>
		<difficult>0</difficult>
		<occluded>0</occluded>
		<bndbox>
			<xmin>325</xmin>
			<xmax>448</xmax>
			<ymin>70</ymin>
			<ymax>339</ymax>
		</bndbox>
	</object>
	</annotation>