<annotation>
	<folder />
	<filename>1738_jpg.rf.bd550e4bd50567352f951104f62cba3f.jpg</filename>
	<path>PascalVOC\JPEGImages\1738_jpg.rf.bd550e4bd50567352f951104f62cba3f.jpg</path>
	<source>
		<database>roboflow.com</database>
	</source>
	<size>
		<width>640</width>
		<height>640</height>
		<depth>3</depth>
	</size>
	<segmented>0</segmented>
	<object>
		<name>awake</name>
		<pose>Unspecified</pose>
		<truncated>0</truncated>
		<difficult>0</difficult>
		<occluded>0</occluded>
		<bndbox>
			<xmin>265</xmin>
			<xmax>478</xmax>
			<ymin>144</ymin>
			<ymax>520</ymax>
		</bndbox>
	</object>
	</annotation>