<annotation>
	<folder />
	<filename>174_jpg.rf.819d62e098094c802796585d1fb7690f.jpg</filename>
	<path>PascalVOC\JPEGImages\174_jpg.rf.819d62e098094c802796585d1fb7690f.jpg</path>
	<source>
		<database>roboflow.com</database>
	</source>
	<size>
		<width>640</width>
		<height>640</height>
		<depth>3</depth>
	</size>
	<segmented>0</segmented>
	<object>
		<name>drowsy</name>
		<pose>Unspecified</pose>
		<truncated>0</truncated>
		<difficult>0</difficult>
		<occluded>0</occluded>
		<bndbox>
			<xmin>220</xmin>
			<xmax>379</xmax>
			<ymin>72</ymin>
			<ymax>374</ymax>
		</bndbox>
	</object>
	</annotation>