<annotation>
	<folder />
	<filename>1769_jpg.rf.5a17cd70bf522536caa648c20a29a3ad.jpg</filename>
	<path>PascalVOC\JPEGImages\1769_jpg.rf.5a17cd70bf522536caa648c20a29a3ad.jpg</path>
	<source>
		<database>roboflow.com</database>
	</source>
	<size>
		<width>640</width>
		<height>640</height>
		<depth>3</depth>
	</size>
	<segmented>0</segmented>
	<object>
		<name>awake</name>
		<pose>Unspecified</pose>
		<truncated>0</truncated>
		<difficult>0</difficult>
		<occluded>0</occluded>
		<bndbox>
			<xmin>259</xmin>
			<xmax>451</xmax>
			<ymin>158</ymin>
			<ymax>522</ymax>
		</bndbox>
	</object>
	</annotation>