<annotation>
	<folder />
	<filename>176_jpg.rf.e83c2dace89af8d14c4ab1882efbdc7d.jpg</filename>
	<path>PascalVOC\JPEGImages\176_jpg.rf.e83c2dace89af8d14c4ab1882efbdc7d.jpg</path>
	<source>
		<database>roboflow.com</database>
	</source>
	<size>
		<width>640</width>
		<height>640</height>
		<depth>3</depth>
	</size>
	<segmented>0</segmented>
	<object>
		<name>drowsy</name>
		<pose>Unspecified</pose>
		<truncated>0</truncated>
		<difficult>0</difficult>
		<occluded>0</occluded>
		<bndbox>
			<xmin>219</xmin>
			<xmax>376</xmax>
			<ymin>59</ymin>
			<ymax>359</ymax>
		</bndbox>
	</object>
	</annotation>