<annotation>
	<folder />
	<filename>17_jpg.rf.72891f088f191df79fdfe2d3e943bda1.jpg</filename>
	<path>PascalVOC\JPEGImages\17_jpg.rf.72891f088f191df79fdfe2d3e943bda1.jpg</path>
	<source>
		<database>roboflow.com</database>
	</source>
	<size>
		<width>640</width>
		<height>640</height>
		<depth>3</depth>
	</size>
	<segmented>0</segmented>
	<object>
		<name>drowsy</name>
		<pose>Unspecified</pose>
		<truncated>0</truncated>
		<difficult>0</difficult>
		<occluded>0</occluded>
		<bndbox>
			<xmin>239</xmin>
			<xmax>402</xmax>
			<ymin>114</ymin>
			<ymax>459</ymax>
		</bndbox>
	</object>
	</annotation>