<annotation>
	<folder />
	<filename>183_jpg.rf.cc675ef2ffe97c808effff4578d5c93d.jpg</filename>
	<path>PascalVOC\JPEGImages\183_jpg.rf.cc675ef2ffe97c808effff4578d5c93d.jpg</path>
	<source>
		<database>roboflow.com</database>
	</source>
	<size>
		<width>640</width>
		<height>640</height>
		<depth>3</depth>
	</size>
	<segmented>0</segmented>
	<object>
		<name>drowsy</name>
		<pose>Unspecified</pose>
		<truncated>0</truncated>
		<difficult>0</difficult>
		<occluded>0</occluded>
		<bndbox>
			<xmin>304</xmin>
			<xmax>428</xmax>
			<ymin>98</ymin>
			<ymax>376</ymax>
		</bndbox>
	</object>
	</annotation>