<annotation>
	<folder />
	<filename>185_jpg.rf.b636473d9a6344008e96557262ca8ec3.jpg</filename>
	<path>PascalVOC\JPEGImages\185_jpg.rf.b636473d9a6344008e96557262ca8ec3.jpg</path>
	<source>
		<database>roboflow.com</database>
	</source>
	<size>
		<width>640</width>
		<height>640</height>
		<depth>3</depth>
	</size>
	<segmented>0</segmented>
	<object>
		<name>drowsy</name>
		<pose>Unspecified</pose>
		<truncated>0</truncated>
		<difficult>0</difficult>
		<occluded>0</occluded>
		<bndbox>
			<xmin>163</xmin>
			<xmax>399</xmax>
			<ymin>136</ymin>
			<ymax>507</ymax>
		</bndbox>
	</object>
	</annotation>