<annotation>
	<folder />
	<filename>1864_jpg.rf.2a856a55c53c158d1f52d868dedc9e95.jpg</filename>
	<path>PascalVOC\JPEGImages\1864_jpg.rf.2a856a55c53c158d1f52d868dedc9e95.jpg</path>
	<source>
		<database>roboflow.com</database>
	</source>
	<size>
		<width>640</width>
		<height>640</height>
		<depth>3</depth>
	</size>
	<segmented>0</segmented>
	<object>
		<name>awake</name>
		<pose>Unspecified</pose>
		<truncated>0</truncated>
		<difficult>0</difficult>
		<occluded>0</occluded>
		<bndbox>
			<xmin>335</xmin>
			<xmax>498</xmax>
			<ymin>111</ymin>
			<ymax>465</ymax>
		</bndbox>
	</object>
	</annotation>