<annotation>
	<folder />
	<filename>1866_jpg.rf.cfb05e9e2f0aee24ce3ea142d45ddfbb.jpg</filename>
	<path>PascalVOC\JPEGImages\1866_jpg.rf.cfb05e9e2f0aee24ce3ea142d45ddfbb.jpg</path>
	<source>
		<database>roboflow.com</database>
	</source>
	<size>
		<width>640</width>
		<height>640</height>
		<depth>3</depth>
	</size>
	<segmented>0</segmented>
	<object>
		<name>awake</name>
		<pose>Unspecified</pose>
		<truncated>0</truncated>
		<difficult>0</difficult>
		<occluded>0</occluded>
		<bndbox>
			<xmin>375</xmin>
			<xmax>524</xmax>
			<ymin>107</ymin>
			<ymax>437</ymax>
		</bndbox>
	</object>
	</annotation>