<annotation>
	<folder />
	<filename>186_jpg.rf.c1b6a556e47eba7aa32cdbf8a906bd3f.jpg</filename>
	<path>PascalVOC\JPEGImages\186_jpg.rf.c1b6a556e47eba7aa32cdbf8a906bd3f.jpg</path>
	<source>
		<database>roboflow.com</database>
	</source>
	<size>
		<width>640</width>
		<height>640</height>
		<depth>3</depth>
	</size>
	<segmented>0</segmented>
	<object>
		<name>drowsy</name>
		<pose>Unspecified</pose>
		<truncated>0</truncated>
		<difficult>0</difficult>
		<occluded>0</occluded>
		<bndbox>
			<xmin>175</xmin>
			<xmax>408</xmax>
			<ymin>147</ymin>
			<ymax>523</ymax>
		</bndbox>
	</object>
	</annotation>