<annotation>
	<folder />
	<filename>1876_jpg.rf.53f78f0301da08555b72ff7ac9feb977.jpg</filename>
	<path>PascalVOC\JPEGImages\1876_jpg.rf.53f78f0301da08555b72ff7ac9feb977.jpg</path>
	<source>
		<database>roboflow.com</database>
	</source>
	<size>
		<width>640</width>
		<height>640</height>
		<depth>3</depth>
	</size>
	<segmented>0</segmented>
	<object>
		<name>awake</name>
		<pose>Unspecified</pose>
		<truncated>0</truncated>
		<difficult>0</difficult>
		<occluded>0</occluded>
		<bndbox>
			<xmin>395</xmin>
			<xmax>539</xmax>
			<ymin>107</ymin>
			<ymax>436</ymax>
		</bndbox>
	</object>
	</annotation>