<annotation>
	<folder />
	<filename>187_jpg.rf.aac01449cfafaead5863d7564b51e7c5.jpg</filename>
	<path>PascalVOC\JPEGImages\187_jpg.rf.aac01449cfafaead5863d7564b51e7c5.jpg</path>
	<source>
		<database>roboflow.com</database>
	</source>
	<size>
		<width>640</width>
		<height>640</height>
		<depth>3</depth>
	</size>
	<segmented>0</segmented>
	<object>
		<name>drowsy</name>
		<pose>Unspecified</pose>
		<truncated>0</truncated>
		<difficult>0</difficult>
		<occluded>0</occluded>
		<bndbox>
			<xmin>179</xmin>
			<xmax>410</xmax>
			<ymin>141</ymin>
			<ymax>524</ymax>
		</bndbox>
	</object>
	</annotation>