<annotation>
	<folder />
	<filename>191_jpg.rf.4510ad6a15575e4631aa505c223e60ec.jpg</filename>
	<path>PascalVOC\JPEGImages\191_jpg.rf.4510ad6a15575e4631aa505c223e60ec.jpg</path>
	<source>
		<database>roboflow.com</database>
	</source>
	<size>
		<width>640</width>
		<height>640</height>
		<depth>3</depth>
	</size>
	<segmented>0</segmented>
	<object>
		<name>drowsy</name>
		<pose>Unspecified</pose>
		<truncated>0</truncated>
		<difficult>0</difficult>
		<occluded>0</occluded>
		<bndbox>
			<xmin>176</xmin>
			<xmax>417</xmax>
			<ymin>158</ymin>
			<ymax>520</ymax>
		</bndbox>
	</object>
	</annotation>