<annotation>
	<folder />
	<filename>192_jpg.rf.d24f1845804457e624d5670beffa2e13.jpg</filename>
	<path>PascalVOC\JPEGImages\192_jpg.rf.d24f1845804457e624d5670beffa2e13.jpg</path>
	<source>
		<database>roboflow.com</database>
	</source>
	<size>
		<width>640</width>
		<height>640</height>
		<depth>3</depth>
	</size>
	<segmented>0</segmented>
	<object>
		<name>drowsy</name>
		<pose>Unspecified</pose>
		<truncated>0</truncated>
		<difficult>0</difficult>
		<occluded>0</occluded>
		<bndbox>
			<xmin>231</xmin>
			<xmax>390</xmax>
			<ymin>27</ymin>
			<ymax>316</ymax>
		</bndbox>
	</object>
	</annotation>