<annotation>
	<folder />
	<filename>193_jpg.rf.527803c1d39a3cb3e925469f1e4a24a5.jpg</filename>
	<path>PascalVOC\JPEGImages\193_jpg.rf.527803c1d39a3cb3e925469f1e4a24a5.jpg</path>
	<source>
		<database>roboflow.com</database>
	</source>
	<size>
		<width>640</width>
		<height>640</height>
		<depth>3</depth>
	</size>
	<segmented>0</segmented>
	<object>
		<name>drowsy</name>
		<pose>Unspecified</pose>
		<truncated>0</truncated>
		<difficult>0</difficult>
		<occluded>0</occluded>
		<bndbox>
			<xmin>212</xmin>
			<xmax>374</xmax>
			<ymin>45</ymin>
			<ymax>328</ymax>
		</bndbox>
	</object>
	</annotation>