<annotation>
	<folder />
	<filename>195_jpg.rf.7cea61845b7a47573ef7dd756642a295.jpg</filename>
	<path>PascalVOC\JPEGImages\195_jpg.rf.7cea61845b7a47573ef7dd756642a295.jpg</path>
	<source>
		<database>roboflow.com</database>
	</source>
	<size>
		<width>640</width>
		<height>640</height>
		<depth>3</depth>
	</size>
	<segmented>0</segmented>
	<object>
		<name>drowsy</name>
		<pose>Unspecified</pose>
		<truncated>0</truncated>
		<difficult>0</difficult>
		<occluded>0</occluded>
		<bndbox>
			<xmin>220</xmin>
			<xmax>379</xmax>
			<ymin>37</ymin>
			<ymax>326</ymax>
		</bndbox>
	</object>
	</annotation>