<annotation>
	<folder />
	<filename>197_jpg.rf.dd9e3f8fd84faaeaedb2d0f1d02cebe7.jpg</filename>
	<path>PascalVOC\JPEGImages\197_jpg.rf.dd9e3f8fd84faaeaedb2d0f1d02cebe7.jpg</path>
	<source>
		<database>roboflow.com</database>
	</source>
	<size>
		<width>640</width>
		<height>640</height>
		<depth>3</depth>
	</size>
	<segmented>0</segmented>
	<object>
		<name>drowsy</name>
		<pose>Unspecified</pose>
		<truncated>0</truncated>
		<difficult>0</difficult>
		<occluded>0</occluded>
		<bndbox>
			<xmin>222</xmin>
			<xmax>382</xmax>
			<ymin>36</ymin>
			<ymax>320</ymax>
		</bndbox>
	</object>
	</annotation>