<annotation>
	<folder />
	<filename>1982_jpg.rf.88e03deb59f6abb96d92c375e34dbdaf.jpg</filename>
	<path>PascalVOC\JPEGImages\1982_jpg.rf.88e03deb59f6abb96d92c375e34dbdaf.jpg</path>
	<source>
		<database>roboflow.com</database>
	</source>
	<size>
		<width>640</width>
		<height>640</height>
		<depth>3</depth>
	</size>
	<segmented>0</segmented>
	<object>
		<name>awake</name>
		<pose>Unspecified</pose>
		<truncated>0</truncated>
		<difficult>0</difficult>
		<occluded>0</occluded>
		<bndbox>
			<xmin>263</xmin>
			<xmax>455</xmax>
			<ymin>176</ymin>
			<ymax>507</ymax>
		</bndbox>
	</object>
	</annotation>