<annotation>
	<folder />
	<filename>1987_jpg.rf.3cc214998fb563a6ae9ebde3012accba.jpg</filename>
	<path>PascalVOC\JPEGImages\1987_jpg.rf.3cc214998fb563a6ae9ebde3012accba.jpg</path>
	<source>
		<database>roboflow.com</database>
	</source>
	<size>
		<width>640</width>
		<height>640</height>
		<depth>3</depth>
	</size>
	<segmented>0</segmented>
	<object>
		<name>awake</name>
		<pose>Unspecified</pose>
		<truncated>0</truncated>
		<difficult>0</difficult>
		<occluded>0</occluded>
		<bndbox>
			<xmin>285</xmin>
			<xmax>468</xmax>
			<ymin>177</ymin>
			<ymax>498</ymax>
		</bndbox>
	</object>
	</annotation>