<annotation>
	<folder />
	<filename>198_jpg.rf.0b0997bb46312f6b99b944399a5a5e24.jpg</filename>
	<path>PascalVOC\JPEGImages\198_jpg.rf.0b0997bb46312f6b99b944399a5a5e24.jpg</path>
	<source>
		<database>roboflow.com</database>
	</source>
	<size>
		<width>640</width>
		<height>640</height>
		<depth>3</depth>
	</size>
	<segmented>0</segmented>
	<object>
		<name>drowsy</name>
		<pose>Unspecified</pose>
		<truncated>0</truncated>
		<difficult>0</difficult>
		<occluded>0</occluded>
		<bndbox>
			<xmin>155</xmin>
			<xmax>363</xmax>
			<ymin>131</ymin>
			<ymax>566</ymax>
		</bndbox>
	</object>
	</annotation>