<annotation>
	<folder />
	<filename>199_jpg.rf.23e4e573dcfe0f25598b4ec2fd3ae02f.jpg</filename>
	<path>PascalVOC\JPEGImages\199_jpg.rf.23e4e573dcfe0f25598b4ec2fd3ae02f.jpg</path>
	<source>
		<database>roboflow.com</database>
	</source>
	<size>
		<width>640</width>
		<height>640</height>
		<depth>3</depth>
	</size>
	<segmented>0</segmented>
	<object>
		<name>drowsy</name>
		<pose>Unspecified</pose>
		<truncated>0</truncated>
		<difficult>0</difficult>
		<occluded>0</occluded>
		<bndbox>
			<xmin>150</xmin>
			<xmax>364</xmax>
			<ymin>125</ymin>
			<ymax>564</ymax>
		</bndbox>
	</object>
	</annotation>