<annotation>
	<folder />
	<filename>19_jpg.rf.c602bc22615055109f23af30e23174f9.jpg</filename>
	<path>PascalVOC\JPEGImages\19_jpg.rf.c602bc22615055109f23af30e23174f9.jpg</path>
	<source>
		<database>roboflow.com</database>
	</source>
	<size>
		<width>640</width>
		<height>640</height>
		<depth>3</depth>
	</size>
	<segmented>0</segmented>
	<object>
		<name>drowsy</name>
		<pose>Unspecified</pose>
		<truncated>0</truncated>
		<difficult>0</difficult>
		<occluded>0</occluded>
		<bndbox>
			<xmin>237</xmin>
			<xmax>404</xmax>
			<ymin>112</ymin>
			<ymax>448</ymax>
		</bndbox>
	</object>
	</annotation>