<annotation>
	<folder />
	<filename>1_jpg.rf.28dced9948e3d409a9d078eb7cfe60f5.jpg</filename>
	<path>PascalVOC\JPEGImages\1_jpg.rf.28dced9948e3d409a9d078eb7cfe60f5.jpg</path>
	<source>
		<database>roboflow.com</database>
	</source>
	<size>
		<width>640</width>
		<height>640</height>
		<depth>3</depth>
	</size>
	<segmented>0</segmented>
	<object>
		<name>awake</name>
		<pose>Unspecified</pose>
		<truncated>0</truncated>
		<difficult>0</difficult>
		<occluded>0</occluded>
		<bndbox>
			<xmin>306</xmin>
			<xmax>441</xmax>
			<ymin>75</ymin>
			<ymax>379</ymax>
		</bndbox>
	</object>
	</annotation>