<annotation>
	<folder />
	<filename>1_jpg.rf.1127bd85dc1d1e9fe39372a392a51327.jpg</filename>
	<path>PascalVOC\JPEGImages\1_jpg.rf.1127bd85dc1d1e9fe39372a392a51327.jpg</path>
	<source>
		<database>roboflow.com</database>
	</source>
	<size>
		<width>640</width>
		<height>640</height>
		<depth>3</depth>
	</size>
	<segmented>0</segmented>
	<object>
		<name>drowsy</name>
		<pose>Unspecified</pose>
		<truncated>0</truncated>
		<difficult>0</difficult>
		<occluded>0</occluded>
		<bndbox>
			<xmin>293</xmin>
			<xmax>537</xmax>
			<ymin>5</ymin>
			<ymax>482</ymax>
		</bndbox>
	</object>
	</annotation>