<annotation>
	<folder />
	<filename>201_jpg.rf.d46bef62b0ca0b4b077ba7443b6fb04e.jpg</filename>
	<path>PascalVOC\JPEGImages\201_jpg.rf.d46bef62b0ca0b4b077ba7443b6fb04e.jpg</path>
	<source>
		<database>roboflow.com</database>
	</source>
	<size>
		<width>640</width>
		<height>640</height>
		<depth>3</depth>
	</size>
	<segmented>0</segmented>
	<object>
		<name>drowsy</name>
		<pose>Unspecified</pose>
		<truncated>0</truncated>
		<difficult>0</difficult>
		<occluded>0</occluded>
		<bndbox>
			<xmin>158</xmin>
			<xmax>372</xmax>
			<ymin>124</ymin>
			<ymax>573</ymax>
		</bndbox>
	</object>
	</annotation>