<annotation>
	<folder />
	<filename>203_jpg.rf.973c1021b887055326ef683c91af0d71.jpg</filename>
	<path>PascalVOC\JPEGImages\203_jpg.rf.973c1021b887055326ef683c91af0d71.jpg</path>
	<source>
		<database>roboflow.com</database>
	</source>
	<size>
		<width>640</width>
		<height>640</height>
		<depth>3</depth>
	</size>
	<segmented>0</segmented>
	<object>
		<name>drowsy</name>
		<pose>Unspecified</pose>
		<truncated>0</truncated>
		<difficult>0</difficult>
		<occluded>0</occluded>
		<bndbox>
			<xmin>160</xmin>
			<xmax>369</xmax>
			<ymin>131</ymin>
			<ymax>571</ymax>
		</bndbox>
	</object>
	</annotation>