<annotation>
	<folder />
	<filename>2121_jpg.rf.b0fc522d261002ae77802cb01a9fbbec.jpg</filename>
	<path>PascalVOC\JPEGImages\2121_jpg.rf.b0fc522d261002ae77802cb01a9fbbec.jpg</path>
	<source>
		<database>roboflow.com</database>
	</source>
	<size>
		<width>640</width>
		<height>640</height>
		<depth>3</depth>
	</size>
	<segmented>0</segmented>
	<object>
		<name>awake</name>
		<pose>Unspecified</pose>
		<truncated>0</truncated>
		<difficult>0</difficult>
		<occluded>0</occluded>
		<bndbox>
			<xmin>247</xmin>
			<xmax>422</xmax>
			<ymin>164</ymin>
			<ymax>511</ymax>
		</bndbox>
	</object>
	</annotation>