<annotation>
	<folder />
	<filename>2124_jpg.rf.337bb951b650b9fd5782a59255fa7216.jpg</filename>
	<path>PascalVOC\JPEGImages\2124_jpg.rf.337bb951b650b9fd5782a59255fa7216.jpg</path>
	<source>
		<database>roboflow.com</database>
	</source>
	<size>
		<width>640</width>
		<height>640</height>
		<depth>3</depth>
	</size>
	<segmented>0</segmented>
	<object>
		<name>awake</name>
		<pose>Unspecified</pose>
		<truncated>0</truncated>
		<difficult>0</difficult>
		<occluded>0</occluded>
		<bndbox>
			<xmin>175</xmin>
			<xmax>367</xmax>
			<ymin>164</ymin>
			<ymax>532</ymax>
		</bndbox>
	</object>
	</annotation>