<annotation>
	<folder />
	<filename>2169_jpg.rf.fdb6621b12c77f4c7f7f09121f021831.jpg</filename>
	<path>PascalVOC\JPEGImages\2169_jpg.rf.fdb6621b12c77f4c7f7f09121f021831.jpg</path>
	<source>
		<database>roboflow.com</database>
	</source>
	<size>
		<width>640</width>
		<height>640</height>
		<depth>3</depth>
	</size>
	<segmented>0</segmented>
	<object>
		<name>awake</name>
		<pose>Unspecified</pose>
		<truncated>0</truncated>
		<difficult>0</difficult>
		<occluded>0</occluded>
		<bndbox>
			<xmin>330</xmin>
			<xmax>450</xmax>
			<ymin>65</ymin>
			<ymax>313</ymax>
		</bndbox>
	</object>
	</annotation>