<annotation>
	<folder />
	<filename>217_jpg.rf.bd1a80805e268212715395f8d1102477.jpg</filename>
	<path>PascalVOC\JPEGImages\217_jpg.rf.bd1a80805e268212715395f8d1102477.jpg</path>
	<source>
		<database>roboflow.com</database>
	</source>
	<size>
		<width>640</width>
		<height>640</height>
		<depth>3</depth>
	</size>
	<segmented>0</segmented>
	<object>
		<name>awake</name>
		<pose>Unspecified</pose>
		<truncated>0</truncated>
		<difficult>0</difficult>
		<occluded>0</occluded>
		<bndbox>
			<xmin>95</xmin>
			<xmax>299</xmax>
			<ymin>45</ymin>
			<ymax>416</ymax>
		</bndbox>
	</object>
	</annotation>