<annotation>
	<folder />
	<filename>2230_jpg.rf.080f34a066b3ea9fef830ea3cced12af.jpg</filename>
	<path>PascalVOC\JPEGImages\2230_jpg.rf.080f34a066b3ea9fef830ea3cced12af.jpg</path>
	<source>
		<database>roboflow.com</database>
	</source>
	<size>
		<width>640</width>
		<height>640</height>
		<depth>3</depth>
	</size>
	<segmented>0</segmented>
	<object>
		<name>awake</name>
		<pose>Unspecified</pose>
		<truncated>0</truncated>
		<difficult>0</difficult>
		<occluded>0</occluded>
		<bndbox>
			<xmin>291</xmin>
			<xmax>482</xmax>
			<ymin>147</ymin>
			<ymax>517</ymax>
		</bndbox>
	</object>
	</annotation>