<annotation>
	<folder />
	<filename>2277_jpg.rf.c7c52cfca01913b36b976c3a153e0d94.jpg</filename>
	<path>PascalVOC\JPEGImages\2277_jpg.rf.c7c52cfca01913b36b976c3a153e0d94.jpg</path>
	<source>
		<database>roboflow.com</database>
	</source>
	<size>
		<width>640</width>
		<height>640</height>
		<depth>3</depth>
	</size>
	<segmented>0</segmented>
	<object>
		<name>awake</name>
		<pose>Unspecified</pose>
		<truncated>0</truncated>
		<difficult>0</difficult>
		<occluded>0</occluded>
		<bndbox>
			<xmin>326</xmin>
			<xmax>446</xmax>
			<ymin>47</ymin>
			<ymax>319</ymax>
		</bndbox>
	</object>
	</annotation>