<annotation>
	<folder />
	<filename>2284_jpg.rf.2b98f0f3c41f5f59883518e677b73c69.jpg</filename>
	<path>PascalVOC\JPEGImages\2284_jpg.rf.2b98f0f3c41f5f59883518e677b73c69.jpg</path>
	<source>
		<database>roboflow.com</database>
	</source>
	<size>
		<width>640</width>
		<height>640</height>
		<depth>3</depth>
	</size>
	<segmented>0</segmented>
	<object>
		<name>awake</name>
		<pose>Unspecified</pose>
		<truncated>0</truncated>
		<difficult>0</difficult>
		<occluded>0</occluded>
		<bndbox>
			<xmin>243</xmin>
			<xmax>449</xmax>
			<ymin>79</ymin>
			<ymax>484</ymax>
		</bndbox>
	</object>
	</annotation>