<annotation>
	<folder />
	<filename>2288_jpg.rf.40aa0761b61dcb639d572adcdd65354e.jpg</filename>
	<path>PascalVOC\JPEGImages\2288_jpg.rf.40aa0761b61dcb639d572adcdd65354e.jpg</path>
	<source>
		<database>roboflow.com</database>
	</source>
	<size>
		<width>640</width>
		<height>640</height>
		<depth>3</depth>
	</size>
	<segmented>0</segmented>
	<object>
		<name>awake</name>
		<pose>Unspecified</pose>
		<truncated>0</truncated>
		<difficult>0</difficult>
		<occluded>0</occluded>
		<bndbox>
			<xmin>246</xmin>
			<xmax>451</xmax>
			<ymin>66</ymin>
			<ymax>488</ymax>
		</bndbox>
	</object>
	</annotation>