<annotation>
	<folder />
	<filename>230_jpg.rf.605bfe9a5eb8486fa6b3d94b3c5ffc5d.jpg</filename>
	<path>PascalVOC\JPEGImages\230_jpg.rf.605bfe9a5eb8486fa6b3d94b3c5ffc5d.jpg</path>
	<source>
		<database>roboflow.com</database>
	</source>
	<size>
		<width>640</width>
		<height>640</height>
		<depth>3</depth>
	</size>
	<segmented>0</segmented>
	<object>
		<name>drowsy</name>
		<pose>Unspecified</pose>
		<truncated>0</truncated>
		<difficult>0</difficult>
		<occluded>0</occluded>
		<bndbox>
			<xmin>256</xmin>
			<xmax>431</xmax>
			<ymin>167</ymin>
			<ymax>523</ymax>
		</bndbox>
	</object>
	</annotation>