<annotation>
	<folder />
	<filename>2346_jpg.rf.737a79e3ed8f3ef5c4f4ecd46f597e72.jpg</filename>
	<path>PascalVOC\JPEGImages\2346_jpg.rf.737a79e3ed8f3ef5c4f4ecd46f597e72.jpg</path>
	<source>
		<database>roboflow.com</database>
	</source>
	<size>
		<width>640</width>
		<height>640</height>
		<depth>3</depth>
	</size>
	<segmented>0</segmented>
	<object>
		<name>drowsy</name>
		<pose>Unspecified</pose>
		<truncated>0</truncated>
		<difficult>0</difficult>
		<occluded>0</occluded>
		<bndbox>
			<xmin>334</xmin>
			<xmax>454</xmax>
			<ymin>51</ymin>
			<ymax>317</ymax>
		</bndbox>
	</object>
	</annotation>