<annotation>
	<folder />
	<filename>2350_jpg.rf.6d639d30a36e66cee7b4da3760d76013.jpg</filename>
	<path>PascalVOC\JPEGImages\2350_jpg.rf.6d639d30a36e66cee7b4da3760d76013.jpg</path>
	<source>
		<database>roboflow.com</database>
	</source>
	<size>
		<width>640</width>
		<height>640</height>
		<depth>3</depth>
	</size>
	<segmented>0</segmented>
	<object>
		<name>drowsy</name>
		<pose>Unspecified</pose>
		<truncated>0</truncated>
		<difficult>0</difficult>
		<occluded>0</occluded>
		<bndbox>
			<xmin>331</xmin>
			<xmax>455</xmax>
			<ymin>58</ymin>
			<ymax>319</ymax>
		</bndbox>
	</object>
	</annotation>