<annotation>
	<folder />
	<filename>2403_jpg.rf.b61dcac0ad9a589a0925b372daa7b743.jpg</filename>
	<path>PascalVOC\JPEGImages\2403_jpg.rf.b61dcac0ad9a589a0925b372daa7b743.jpg</path>
	<source>
		<database>roboflow.com</database>
	</source>
	<size>
		<width>640</width>
		<height>640</height>
		<depth>3</depth>
	</size>
	<segmented>0</segmented>
	<object>
		<name>awake</name>
		<pose>Unspecified</pose>
		<truncated>0</truncated>
		<difficult>0</difficult>
		<occluded>0</occluded>
		<bndbox>
			<xmin>202</xmin>
			<xmax>414</xmax>
			<ymin>83</ymin>
			<ymax>411</ymax>
		</bndbox>
	</object>
	</annotation>