<annotation>
	<folder />
	<filename>242_jpg.rf.a42781a8edd16a7f6595871b26adba44.jpg</filename>
	<path>PascalVOC\JPEGImages\242_jpg.rf.a42781a8edd16a7f6595871b26adba44.jpg</path>
	<source>
		<database>roboflow.com</database>
	</source>
	<size>
		<width>640</width>
		<height>640</height>
		<depth>3</depth>
	</size>
	<segmented>0</segmented>
	<object>
		<name>drowsy</name>
		<pose>Unspecified</pose>
		<truncated>0</truncated>
		<difficult>0</difficult>
		<occluded>0</occluded>
		<bndbox>
			<xmin>231</xmin>
			<xmax>385</xmax>
			<ymin>133</ymin>
			<ymax>436</ymax>
		</bndbox>
	</object>
	</annotation>