<annotation>
	<folder />
	<filename>2431_jpg.rf.e635a4dcfa7dcf4f8e43e790ab214b78.jpg</filename>
	<path>PascalVOC\JPEGImages\2431_jpg.rf.e635a4dcfa7dcf4f8e43e790ab214b78.jpg</path>
	<source>
		<database>roboflow.com</database>
	</source>
	<size>
		<width>640</width>
		<height>640</height>
		<depth>3</depth>
	</size>
	<segmented>0</segmented>
	<object>
		<name>drowsy</name>
		<pose>Unspecified</pose>
		<truncated>0</truncated>
		<difficult>0</difficult>
		<occluded>0</occluded>
		<bndbox>
			<xmin>331</xmin>
			<xmax>454</xmax>
			<ymin>37</ymin>
			<ymax>343</ymax>
		</bndbox>
	</object>
	</annotation>