<annotation>
	<folder />
	<filename>2475_jpg.rf.ec30911524d3dd37b58f0798bf54abf2.jpg</filename>
	<path>PascalVOC\JPEGImages\2475_jpg.rf.ec30911524d3dd37b58f0798bf54abf2.jpg</path>
	<source>
		<database>roboflow.com</database>
	</source>
	<size>
		<width>640</width>
		<height>640</height>
		<depth>3</depth>
	</size>
	<segmented>0</segmented>
	<object>
		<name>drowsy</name>
		<pose>Unspecified</pose>
		<truncated>0</truncated>
		<difficult>0</difficult>
		<occluded>0</occluded>
		<bndbox>
			<xmin>329</xmin>
			<xmax>451</xmax>
			<ymin>32</ymin>
			<ymax>335</ymax>
		</bndbox>
	</object>
	</annotation>