<annotation>
	<folder />
	<filename>2560_jpg.rf.876b8875f6c5dce2960742df355c1640.jpg</filename>
	<path>PascalVOC\JPEGImages\2560_jpg.rf.876b8875f6c5dce2960742df355c1640.jpg</path>
	<source>
		<database>roboflow.com</database>
	</source>
	<size>
		<width>640</width>
		<height>640</height>
		<depth>3</depth>
	</size>
	<segmented>0</segmented>
	<object>
		<name>awake</name>
		<pose>Unspecified</pose>
		<truncated>0</truncated>
		<difficult>0</difficult>
		<occluded>0</occluded>
		<bndbox>
			<xmin>328</xmin>
			<xmax>448</xmax>
			<ymin>31</ymin>
			<ymax>307</ymax>
		</bndbox>
	</object>
	</annotation>