<annotation>
	<folder />
	<filename>266_jpg.rf.f7e4216b9ac6d3d2eac85f4b0400ba22.jpg</filename>
	<path>PascalVOC\JPEGImages\266_jpg.rf.f7e4216b9ac6d3d2eac85f4b0400ba22.jpg</path>
	<source>
		<database>roboflow.com</database>
	</source>
	<size>
		<width>640</width>
		<height>640</height>
		<depth>3</depth>
	</size>
	<segmented>0</segmented>
	<object>
		<name>drowsy</name>
		<pose>Unspecified</pose>
		<truncated>0</truncated>
		<difficult>0</difficult>
		<occluded>0</occluded>
		<bndbox>
			<xmin>205</xmin>
			<xmax>413</xmax>
			<ymin>93</ymin>
			<ymax>514</ymax>
		</bndbox>
	</object>
	</annotation>