<annotation>
	<folder />
	<filename>271_jpg.rf.d2e2db7e7783fae3ccf8fa2cecd32d63.jpg</filename>
	<path>PascalVOC\JPEGImages\271_jpg.rf.d2e2db7e7783fae3ccf8fa2cecd32d63.jpg</path>
	<source>
		<database>roboflow.com</database>
	</source>
	<size>
		<width>640</width>
		<height>640</height>
		<depth>3</depth>
	</size>
	<segmented>0</segmented>
	<object>
		<name>drowsy</name>
		<pose>Unspecified</pose>
		<truncated>0</truncated>
		<difficult>0</difficult>
		<occluded>0</occluded>
		<bndbox>
			<xmin>282</xmin>
			<xmax>461</xmax>
			<ymin>85</ymin>
			<ymax>499</ymax>
		</bndbox>
	</object>
	</annotation>