<annotation>
	<folder />
	<filename>27_jpg.rf.f3e606cfe63fa36d8ba42014c8983d6a.jpg</filename>
	<path>PascalVOC\JPEGImages\27_jpg.rf.f3e606cfe63fa36d8ba42014c8983d6a.jpg</path>
	<source>
		<database>roboflow.com</database>
	</source>
	<size>
		<width>640</width>
		<height>640</height>
		<depth>3</depth>
	</size>
	<segmented>0</segmented>
	<object>
		<name>drowsy</name>
		<pose>Unspecified</pose>
		<truncated>0</truncated>
		<difficult>0</difficult>
		<occluded>0</occluded>
		<bndbox>
			<xmin>211</xmin>
			<xmax>394</xmax>
			<ymin>71</ymin>
			<ymax>389</ymax>
		</bndbox>
	</object>
	</annotation>