<annotation>
	<folder />
	<filename>2821_jpg.rf.04e48710f75541716f44510501b48f3d.jpg</filename>
	<path>PascalVOC\JPEGImages\2821_jpg.rf.04e48710f75541716f44510501b48f3d.jpg</path>
	<source>
		<database>roboflow.com</database>
	</source>
	<size>
		<width>640</width>
		<height>640</height>
		<depth>3</depth>
	</size>
	<segmented>0</segmented>
	<object>
		<name>awake</name>
		<pose>Unspecified</pose>
		<truncated>0</truncated>
		<difficult>0</difficult>
		<occluded>0</occluded>
		<bndbox>
			<xmin>328</xmin>
			<xmax>432</xmax>
			<ymin>114</ymin>
			<ymax>382</ymax>
		</bndbox>
	</object>
	</annotation>