<annotation>
	<folder />
	<filename>2836_jpg.rf.c01cfdae758faf88c80d35cf853b7655.jpg</filename>
	<path>PascalVOC\JPEGImages\2836_jpg.rf.c01cfdae758faf88c80d35cf853b7655.jpg</path>
	<source>
		<database>roboflow.com</database>
	</source>
	<size>
		<width>640</width>
		<height>640</height>
		<depth>3</depth>
	</size>
	<segmented>0</segmented>
	<object>
		<name>awake</name>
		<pose>Unspecified</pose>
		<truncated>0</truncated>
		<difficult>0</difficult>
		<occluded>0</occluded>
		<bndbox>
			<xmin>335</xmin>
			<xmax>438</xmax>
			<ymin>125</ymin>
			<ymax>385</ymax>
		</bndbox>
	</object>
	</annotation>