<annotation>
	<folder />
	<filename>2837_jpg.rf.a1aa901095c12e11f4832af27ac5c3b4.jpg</filename>
	<path>PascalVOC\JPEGImages\2837_jpg.rf.a1aa901095c12e11f4832af27ac5c3b4.jpg</path>
	<source>
		<database>roboflow.com</database>
	</source>
	<size>
		<width>640</width>
		<height>640</height>
		<depth>3</depth>
	</size>
	<segmented>0</segmented>
	<object>
		<name>awake</name>
		<pose>Unspecified</pose>
		<truncated>0</truncated>
		<difficult>0</difficult>
		<occluded>0</occluded>
		<bndbox>
			<xmin>329</xmin>
			<xmax>436</xmax>
			<ymin>118</ymin>
			<ymax>381</ymax>
		</bndbox>
	</object>
	</annotation>