<annotation>
	<folder />
	<filename>2916_jpg.rf.b98e31b636098bd5b948daf359e9733a.jpg</filename>
	<path>PascalVOC\JPEGImages\2916_jpg.rf.b98e31b636098bd5b948daf359e9733a.jpg</path>
	<source>
		<database>roboflow.com</database>
	</source>
	<size>
		<width>640</width>
		<height>640</height>
		<depth>3</depth>
	</size>
	<segmented>0</segmented>
	<object>
		<name>drowsy</name>
		<pose>Unspecified</pose>
		<truncated>0</truncated>
		<difficult>0</difficult>
		<occluded>0</occluded>
		<bndbox>
			<xmin>331</xmin>
			<xmax>436</xmax>
			<ymin>126</ymin>
			<ymax>384</ymax>
		</bndbox>
	</object>
	</annotation>