<annotation>
	<folder />
	<filename>292_jpg.rf.677cb526d40cf943a3937aab15d53e8f.jpg</filename>
	<path>PascalVOC\JPEGImages\292_jpg.rf.677cb526d40cf943a3937aab15d53e8f.jpg</path>
	<source>
		<database>roboflow.com</database>
	</source>
	<size>
		<width>640</width>
		<height>640</height>
		<depth>3</depth>
	</size>
	<segmented>0</segmented>
	<object>
		<name>awake</name>
		<pose>Unspecified</pose>
		<truncated>0</truncated>
		<difficult>0</difficult>
		<occluded>0</occluded>
		<bndbox>
			<xmin>199</xmin>
			<xmax>426</xmax>
			<ymin>136</ymin>
			<ymax>527</ymax>
		</bndbox>
	</object>
	</annotation>