<annotation>
	<folder />
	<filename>2931_jpg.rf.7f8f7c69e2df27211f2ec04e5cdfb232.jpg</filename>
	<path>PascalVOC\JPEGImages\2931_jpg.rf.7f8f7c69e2df27211f2ec04e5cdfb232.jpg</path>
	<source>
		<database>roboflow.com</database>
	</source>
	<size>
		<width>640</width>
		<height>640</height>
		<depth>3</depth>
	</size>
	<segmented>0</segmented>
	<object>
		<name>drowsy</name>
		<pose>Unspecified</pose>
		<truncated>0</truncated>
		<difficult>0</difficult>
		<occluded>0</occluded>
		<bndbox>
			<xmin>330</xmin>
			<xmax>436</xmax>
			<ymin>122</ymin>
			<ymax>380</ymax>
		</bndbox>
	</object>
	</annotation>