<annotation>
	<folder />
	<filename>2_jpg.rf.b36cb3ec452acbffa6d0e92afa8229d5.jpg</filename>
	<path>PascalVOC\JPEGImages\2_jpg.rf.b36cb3ec452acbffa6d0e92afa8229d5.jpg</path>
	<source>
		<database>roboflow.com</database>
	</source>
	<size>
		<width>640</width>
		<height>640</height>
		<depth>3</depth>
	</size>
	<segmented>0</segmented>
	<object>
		<name>drowsy</name>
		<pose>Unspecified</pose>
		<truncated>0</truncated>
		<difficult>0</difficult>
		<occluded>0</occluded>
		<bndbox>
			<xmin>309</xmin>
			<xmax>522</xmax>
			<ymin>51</ymin>
			<ymax>475</ymax>
		</bndbox>
	</object>
	</annotation>