<annotation>
	<folder />
	<filename>301_jpg.rf.cb929b54f303707b3b72de74c16c7daa.jpg</filename>
	<path>PascalVOC\JPEGImages\301_jpg.rf.cb929b54f303707b3b72de74c16c7daa.jpg</path>
	<source>
		<database>roboflow.com</database>
	</source>
	<size>
		<width>640</width>
		<height>640</height>
		<depth>3</depth>
	</size>
	<segmented>0</segmented>
	<object>
		<name>drowsy</name>
		<pose>Unspecified</pose>
		<truncated>0</truncated>
		<difficult>0</difficult>
		<occluded>0</occluded>
		<bndbox>
			<xmin>319</xmin>
			<xmax>445</xmax>
			<ymin>103</ymin>
			<ymax>390</ymax>
		</bndbox>
	</object>
	</annotation>