<annotation>
	<folder />
	<filename>3194_jpg.rf.9b3e6b91affdf910cebc99d1fa3b24bd.jpg</filename>
	<path>PascalVOC\JPEGImages\3194_jpg.rf.9b3e6b91affdf910cebc99d1fa3b24bd.jpg</path>
	<source>
		<database>roboflow.com</database>
	</source>
	<size>
		<width>640</width>
		<height>640</height>
		<depth>3</depth>
	</size>
	<segmented>0</segmented>
	<object>
		<name>drowsy</name>
		<pose>Unspecified</pose>
		<truncated>0</truncated>
		<difficult>0</difficult>
		<occluded>0</occluded>
		<bndbox>
			<xmin>331</xmin>
			<xmax>437</xmax>
			<ymin>118</ymin>
			<ymax>400</ymax>
		</bndbox>
	</object>
	</annotation>