<annotation>
	<folder />
	<filename>3204_jpg.rf.aae53806a0e5623c44d1655f7e8ea6dc.jpg</filename>
	<path>PascalVOC\JPEGImages\3204_jpg.rf.aae53806a0e5623c44d1655f7e8ea6dc.jpg</path>
	<source>
		<database>roboflow.com</database>
	</source>
	<size>
		<width>640</width>
		<height>640</height>
		<depth>3</depth>
	</size>
	<segmented>0</segmented>
	<object>
		<name>drowsy</name>
		<pose>Unspecified</pose>
		<truncated>0</truncated>
		<difficult>0</difficult>
		<occluded>0</occluded>
		<bndbox>
			<xmin>341</xmin>
			<xmax>447</xmax>
			<ymin>128</ymin>
			<ymax>405</ymax>
		</bndbox>
	</object>
	</annotation>