<annotation>
	<folder />
	<filename>3227_jpg.rf.31d66610ce35bec957ffeff18178d9e5.jpg</filename>
	<path>PascalVOC\JPEGImages\3227_jpg.rf.31d66610ce35bec957ffeff18178d9e5.jpg</path>
	<source>
		<database>roboflow.com</database>
	</source>
	<size>
		<width>640</width>
		<height>640</height>
		<depth>3</depth>
	</size>
	<segmented>0</segmented>
	<object>
		<name>drowsy</name>
		<pose>Unspecified</pose>
		<truncated>0</truncated>
		<difficult>0</difficult>
		<occluded>0</occluded>
		<bndbox>
			<xmin>330</xmin>
			<xmax>437</xmax>
			<ymin>114</ymin>
			<ymax>412</ymax>
		</bndbox>
	</object>
	</annotation>