<annotation>
	<folder />
	<filename>3245_jpg.rf.d0e6286ff50605399496fada2b9a6492.jpg</filename>
	<path>PascalVOC\JPEGImages\3245_jpg.rf.d0e6286ff50605399496fada2b9a6492.jpg</path>
	<source>
		<database>roboflow.com</database>
	</source>
	<size>
		<width>640</width>
		<height>640</height>
		<depth>3</depth>
	</size>
	<segmented>0</segmented>
	<object>
		<name>awake</name>
		<pose>Unspecified</pose>
		<truncated>0</truncated>
		<difficult>0</difficult>
		<occluded>0</occluded>
		<bndbox>
			<xmin>333</xmin>
			<xmax>440</xmax>
			<ymin>112</ymin>
			<ymax>386</ymax>
		</bndbox>
	</object>
	</annotation>