<annotation>
	<folder />
	<filename>327_jpg.rf.a15d18248398650e9f48df7ae9bf794c.jpg</filename>
	<path>PascalVOC\JPEGImages\327_jpg.rf.a15d18248398650e9f48df7ae9bf794c.jpg</path>
	<source>
		<database>roboflow.com</database>
	</source>
	<size>
		<width>640</width>
		<height>640</height>
		<depth>3</depth>
	</size>
	<segmented>0</segmented>
	<object>
		<name>drowsy</name>
		<pose>Unspecified</pose>
		<truncated>0</truncated>
		<difficult>0</difficult>
		<occluded>0</occluded>
		<bndbox>
			<xmin>219</xmin>
			<xmax>412</xmax>
			<ymin>221</ymin>
			<ymax>543</ymax>
		</bndbox>
	</object>
	</annotation>