<annotation>
	<folder />
	<filename>328_jpg.rf.e3f7424765c17842a57c4b9342fa6739.jpg</filename>
	<path>PascalVOC\JPEGImages\328_jpg.rf.e3f7424765c17842a57c4b9342fa6739.jpg</path>
	<source>
		<database>roboflow.com</database>
	</source>
	<size>
		<width>640</width>
		<height>640</height>
		<depth>3</depth>
	</size>
	<segmented>0</segmented>
	<object>
		<name>drowsy</name>
		<pose>Unspecified</pose>
		<truncated>0</truncated>
		<difficult>0</difficult>
		<occluded>0</occluded>
		<bndbox>
			<xmin>313</xmin>
			<xmax>439</xmax>
			<ymin>103</ymin>
			<ymax>396</ymax>
		</bndbox>
	</object>
	</annotation>