<annotation>
	<folder />
	<filename>3553_jpg.rf.0b17d90b437341a7c52e22b974009653.jpg</filename>
	<path>PascalVOC\JPEGImages\3553_jpg.rf.0b17d90b437341a7c52e22b974009653.jpg</path>
	<source>
		<database>roboflow.com</database>
	</source>
	<size>
		<width>640</width>
		<height>640</height>
		<depth>3</depth>
	</size>
	<segmented>0</segmented>
	<object>
		<name>awake</name>
		<pose>Unspecified</pose>
		<truncated>0</truncated>
		<difficult>0</difficult>
		<occluded>0</occluded>
		<bndbox>
			<xmin>336</xmin>
			<xmax>442</xmax>
			<ymin>130</ymin>
			<ymax>386</ymax>
		</bndbox>
	</object>
	</annotation>