<annotation>
	<folder />
	<filename>361_jpg.rf.b44ab7768cf3e19813745f4468e03a5e.jpg</filename>
	<path>PascalVOC\JPEGImages\361_jpg.rf.b44ab7768cf3e19813745f4468e03a5e.jpg</path>
	<source>
		<database>roboflow.com</database>
	</source>
	<size>
		<width>640</width>
		<height>640</height>
		<depth>3</depth>
	</size>
	<segmented>0</segmented>
	<object>
		<name>drowsy</name>
		<pose>Unspecified</pose>
		<truncated>0</truncated>
		<difficult>0</difficult>
		<occluded>0</occluded>
		<bndbox>
			<xmin>260</xmin>
			<xmax>444</xmax>
			<ymin>135</ymin>
			<ymax>511</ymax>
		</bndbox>
	</object>
	</annotation>