<annotation>
	<folder />
	<filename>3652_jpg.rf.b8881494bdb5973d0647c258fa431fde.jpg</filename>
	<path>PascalVOC\JPEGImages\3652_jpg.rf.b8881494bdb5973d0647c258fa431fde.jpg</path>
	<source>
		<database>roboflow.com</database>
	</source>
	<size>
		<width>640</width>
		<height>640</height>
		<depth>3</depth>
	</size>
	<segmented>0</segmented>
	<object>
		<name>awake</name>
		<pose>Unspecified</pose>
		<truncated>0</truncated>
		<difficult>0</difficult>
		<occluded>0</occluded>
		<bndbox>
			<xmin>318</xmin>
			<xmax>430</xmax>
			<ymin>114</ymin>
			<ymax>384</ymax>
		</bndbox>
	</object>
	</annotation>