<annotation>
	<folder />
	<filename>3670_jpg.rf.a2ee49d94360623dbd5224a38ee6e953.jpg</filename>
	<path>PascalVOC\JPEGImages\3670_jpg.rf.a2ee49d94360623dbd5224a38ee6e953.jpg</path>
	<source>
		<database>roboflow.com</database>
	</source>
	<size>
		<width>640</width>
		<height>640</height>
		<depth>3</depth>
	</size>
	<segmented>0</segmented>
	<object>
		<name>drowsy</name>
		<pose>Unspecified</pose>
		<truncated>0</truncated>
		<difficult>0</difficult>
		<occluded>0</occluded>
		<bndbox>
			<xmin>328</xmin>
			<xmax>435</xmax>
			<ymin>123</ymin>
			<ymax>390</ymax>
		</bndbox>
	</object>
	</annotation>