<annotation>
	<folder />
	<filename>368_jpg.rf.5e096e5b111d9a9d118b370cfb3a8eb2.jpg</filename>
	<path>PascalVOC\JPEGImages\368_jpg.rf.5e096e5b111d9a9d118b370cfb3a8eb2.jpg</path>
	<source>
		<database>roboflow.com</database>
	</source>
	<size>
		<width>640</width>
		<height>640</height>
		<depth>3</depth>
	</size>
	<segmented>0</segmented>
	<object>
		<name>drowsy</name>
		<pose>Unspecified</pose>
		<truncated>0</truncated>
		<difficult>0</difficult>
		<occluded>0</occluded>
		<bndbox>
			<xmin>309</xmin>
			<xmax>494</xmax>
			<ymin>97</ymin>
			<ymax>498</ymax>
		</bndbox>
	</object>
	</annotation>