<annotation>
	<folder />
	<filename>3719_jpg.rf.ba423b7b5375e29815f03f8f6d4e5b9c.jpg</filename>
	<path>PascalVOC\JPEGImages\3719_jpg.rf.ba423b7b5375e29815f03f8f6d4e5b9c.jpg</path>
	<source>
		<database>roboflow.com</database>
	</source>
	<size>
		<width>640</width>
		<height>640</height>
		<depth>3</depth>
	</size>
	<segmented>0</segmented>
	<object>
		<name>drowsy</name>
		<pose>Unspecified</pose>
		<truncated>0</truncated>
		<difficult>0</difficult>
		<occluded>0</occluded>
		<bndbox>
			<xmin>323</xmin>
			<xmax>432</xmax>
			<ymin>108</ymin>
			<ymax>401</ymax>
		</bndbox>
	</object>
	</annotation>