<annotation>
	<folder />
	<filename>371_jpg.rf.6dcc7f94166048c03e2aac7debf04ca7.jpg</filename>
	<path>PascalVOC\JPEGImages\371_jpg.rf.6dcc7f94166048c03e2aac7debf04ca7.jpg</path>
	<source>
		<database>roboflow.com</database>
	</source>
	<size>
		<width>640</width>
		<height>640</height>
		<depth>3</depth>
	</size>
	<segmented>0</segmented>
	<object>
		<name>drowsy</name>
		<pose>Unspecified</pose>
		<truncated>0</truncated>
		<difficult>0</difficult>
		<occluded>0</occluded>
		<bndbox>
			<xmin>338</xmin>
			<xmax>516</xmax>
			<ymin>112</ymin>
			<ymax>504</ymax>
		</bndbox>
	</object>
	</annotation>