<annotation>
	<folder />
	<filename>3796_jpg.rf.ce174f142cba9113cd9d58c3432036e8.jpg</filename>
	<path>PascalVOC\JPEGImages\3796_jpg.rf.ce174f142cba9113cd9d58c3432036e8.jpg</path>
	<source>
		<database>roboflow.com</database>
	</source>
	<size>
		<width>640</width>
		<height>640</height>
		<depth>3</depth>
	</size>
	<segmented>0</segmented>
	<object>
		<name>awake</name>
		<pose>Unspecified</pose>
		<truncated>0</truncated>
		<difficult>0</difficult>
		<occluded>0</occluded>
		<bndbox>
			<xmin>325</xmin>
			<xmax>430</xmax>
			<ymin>107</ymin>
			<ymax>363</ymax>
		</bndbox>
	</object>
	</annotation>