<annotation>
	<folder />
	<filename>4022_jpg.rf.09c4177a1c6577e9b79dfc269e552c8e.jpg</filename>
	<path>PascalVOC\JPEGImages\4022_jpg.rf.09c4177a1c6577e9b79dfc269e552c8e.jpg</path>
	<source>
		<database>roboflow.com</database>
	</source>
	<size>
		<width>640</width>
		<height>640</height>
		<depth>3</depth>
	</size>
	<segmented>0</segmented>
	<object>
		<name>awake</name>
		<pose>Unspecified</pose>
		<truncated>0</truncated>
		<difficult>0</difficult>
		<occluded>0</occluded>
		<bndbox>
			<xmin>297</xmin>
			<xmax>407</xmax>
			<ymin>180</ymin>
			<ymax>441</ymax>
		</bndbox>
	</object>
	</annotation>