<annotation>
	<folder />
	<filename>4036_jpg.rf.9f539fdb3dab505c1ca519720f4174f2.jpg</filename>
	<path>PascalVOC\JPEGImages\4036_jpg.rf.9f539fdb3dab505c1ca519720f4174f2.jpg</path>
	<source>
		<database>roboflow.com</database>
	</source>
	<size>
		<width>640</width>
		<height>640</height>
		<depth>3</depth>
	</size>
	<segmented>0</segmented>
	<object>
		<name>awake</name>
		<pose>Unspecified</pose>
		<truncated>0</truncated>
		<difficult>0</difficult>
		<occluded>0</occluded>
		<bndbox>
			<xmin>295</xmin>
			<xmax>404</xmax>
			<ymin>175</ymin>
			<ymax>430</ymax>
		</bndbox>
	</object>
	</annotation>