<annotation>
	<folder />
	<filename>4108_jpg.rf.3f573cb51e2c4bb0c252ef04ac29a40d.jpg</filename>
	<path>PascalVOC\JPEGImages\4108_jpg.rf.3f573cb51e2c4bb0c252ef04ac29a40d.jpg</path>
	<source>
		<database>roboflow.com</database>
	</source>
	<size>
		<width>640</width>
		<height>640</height>
		<depth>3</depth>
	</size>
	<segmented>0</segmented>
	<object>
		<name>drowsy</name>
		<pose>Unspecified</pose>
		<truncated>0</truncated>
		<difficult>0</difficult>
		<occluded>0</occluded>
		<bndbox>
			<xmin>298</xmin>
			<xmax>406</xmax>
			<ymin>185</ymin>
			<ymax>438</ymax>
		</bndbox>
	</object>
	</annotation>