<annotation>
	<folder />
	<filename>4320_jpg.rf.b60e571df34925e0d24af8961ee09a42.jpg</filename>
	<path>PascalVOC\JPEGImages\4320_jpg.rf.b60e571df34925e0d24af8961ee09a42.jpg</path>
	<source>
		<database>roboflow.com</database>
	</source>
	<size>
		<width>640</width>
		<height>640</height>
		<depth>3</depth>
	</size>
	<segmented>0</segmented>
	<object>
		<name>drowsy</name>
		<pose>Unspecified</pose>
		<truncated>0</truncated>
		<difficult>0</difficult>
		<occluded>0</occluded>
		<bndbox>
			<xmin>307</xmin>
			<xmax>415</xmax>
			<ymin>171</ymin>
			<ymax>443</ymax>
		</bndbox>
	</object>
	</annotation>