<annotation>
	<folder />
	<filename>457_jpg.rf.73d9e3ce16c87343227d7f2b89065d11.jpg</filename>
	<path>PascalVOC\JPEGImages\457_jpg.rf.73d9e3ce16c87343227d7f2b89065d11.jpg</path>
	<source>
		<database>roboflow.com</database>
	</source>
	<size>
		<width>640</width>
		<height>640</height>
		<depth>3</depth>
	</size>
	<segmented>0</segmented>
	<object>
		<name>drowsy</name>
		<pose>Unspecified</pose>
		<truncated>0</truncated>
		<difficult>0</difficult>
		<occluded>0</occluded>
		<bndbox>
			<xmin>321</xmin>
			<xmax>448</xmax>
			<ymin>76</ymin>
			<ymax>399</ymax>
		</bndbox>
	</object>
	</annotation>