<annotation>
	<folder />
	<filename>506_jpg.rf.ed3ba3216c7a145f36be6ee64e1b48e9.jpg</filename>
	<path>PascalVOC\JPEGImages\506_jpg.rf.ed3ba3216c7a145f36be6ee64e1b48e9.jpg</path>
	<source>
		<database>roboflow.com</database>
	</source>
	<size>
		<width>640</width>
		<height>640</height>
		<depth>3</depth>
	</size>
	<segmented>0</segmented>
	<object>
		<name>drowsy</name>
		<pose>Unspecified</pose>
		<truncated>0</truncated>
		<difficult>0</difficult>
		<occluded>0</occluded>
		<bndbox>
			<xmin>331</xmin>
			<xmax>455</xmax>
			<ymin>59</ymin>
			<ymax>374</ymax>
		</bndbox>
	</object>
	</annotation>