<annotation>
	<folder />
	<filename>524_jpg.rf.f1656dd502a18262009d5c6844eae80a.jpg</filename>
	<path>PascalVOC\JPEGImages\524_jpg.rf.f1656dd502a18262009d5c6844eae80a.jpg</path>
	<source>
		<database>roboflow.com</database>
	</source>
	<size>
		<width>640</width>
		<height>640</height>
		<depth>3</depth>
	</size>
	<segmented>0</segmented>
	<object>
		<name>drowsy</name>
		<pose>Unspecified</pose>
		<truncated>0</truncated>
		<difficult>0</difficult>
		<occluded>0</occluded>
		<bndbox>
			<xmin>294</xmin>
			<xmax>518</xmax>
			<ymin>72</ymin>
			<ymax>556</ymax>
		</bndbox>
	</object>
	</annotation>