<annotation>
	<folder />
	<filename>613_jpg.rf.d5d44c301efbc47b850090706ba890c9.jpg</filename>
	<path>PascalVOC\JPEGImages\613_jpg.rf.d5d44c301efbc47b850090706ba890c9.jpg</path>
	<source>
		<database>roboflow.com</database>
	</source>
	<size>
		<width>640</width>
		<height>640</height>
		<depth>3</depth>
	</size>
	<segmented>0</segmented>
	<object>
		<name>awake</name>
		<pose>Unspecified</pose>
		<truncated>0</truncated>
		<difficult>0</difficult>
		<occluded>0</occluded>
		<bndbox>
			<xmin>213</xmin>
			<xmax>393</xmax>
			<ymin>158</ymin>
			<ymax>508</ymax>
		</bndbox>
	</object>
	</annotation>