<annotation>
	<folder />
	<filename>653_jpg.rf.5e46825606a00ce089c04eb0a68f9baa.jpg</filename>
	<path>PascalVOC\JPEGImages\653_jpg.rf.5e46825606a00ce089c04eb0a68f9baa.jpg</path>
	<source>
		<database>roboflow.com</database>
	</source>
	<size>
		<width>640</width>
		<height>640</height>
		<depth>3</depth>
	</size>
	<segmented>0</segmented>
	<object>
		<name>awake</name>
		<pose>Unspecified</pose>
		<truncated>0</truncated>
		<difficult>0</difficult>
		<occluded>0</occluded>
		<bndbox>
			<xmin>177</xmin>
			<xmax>393</xmax>
			<ymin>115</ymin>
			<ymax>538</ymax>
		</bndbox>
	</object>
	</annotation>