<annotation>
	<folder />
	<filename>899_jpg.rf.a066cc964e6b3bdc5a378b4460df3377.jpg</filename>
	<path>PascalVOC\JPEGImages\899_jpg.rf.a066cc964e6b3bdc5a378b4460df3377.jpg</path>
	<source>
		<database>roboflow.com</database>
	</source>
	<size>
		<width>640</width>
		<height>640</height>
		<depth>3</depth>
	</size>
	<segmented>0</segmented>
	<object>
		<name>awake</name>
		<pose>Unspecified</pose>
		<truncated>0</truncated>
		<difficult>0</difficult>
		<occluded>0</occluded>
		<bndbox>
			<xmin>287</xmin>
			<xmax>489</xmax>
			<ymin>142</ymin>
			<ymax>522</ymax>
		</bndbox>
	</object>
	</annotation>