<annotation>
	<folder />
	<filename>VID_20230502_123940_mp4-1171_jpg.rf.d75a2c3a3a658bc547a5685d47984b2c.jpg</filename>
	<path>PascalVOC\JPEGImages\VID_20230502_123940_mp4-1171_jpg.rf.d75a2c3a3a658bc547a5685d47984b2c.jpg</path>
	<source>
		<database>roboflow.com</database>
	</source>
	<size>
		<width>640</width>
		<height>640</height>
		<depth>3</depth>
	</size>
	<segmented>0</segmented>
	<object>
		<name>drowsy</name>
		<pose>Unspecified</pose>
		<truncated>0</truncated>
		<difficult>0</difficult>
		<occluded>0</occluded>
		<bndbox>
			<xmin>279</xmin>
			<xmax>405</xmax>
			<ymin>45</ymin>
			<ymax>320</ymax>
		</bndbox>
	</object>
	</annotation>