<annotation>
	<folder />
	<filename>VID_20230502_123940_mp4-1090_jpg.rf.cdb94f1a1929fb7b64f5c30ec5a9b2d1.jpg</filename>
	<path>PascalVOC\JPEGImages\VID_20230502_123940_mp4-1090_jpg.rf.cdb94f1a1929fb7b64f5c30ec5a9b2d1.jpg</path>
	<source>
		<database>roboflow.com</database>
	</source>
	<size>
		<width>640</width>
		<height>640</height>
		<depth>3</depth>
	</size>
	<segmented>0</segmented>
	<object>
		<name>awake</name>
		<pose>Unspecified</pose>
		<truncated>0</truncated>
		<difficult>0</difficult>
		<occluded>0</occluded>
		<bndbox>
			<xmin>268</xmin>
			<xmax>394</xmax>
			<ymin>36</ymin>
			<ymax>352</ymax>
		</bndbox>
	</object>
	</annotation>