<annotation>
	<folder />
	<filename>VID_20230502_123940_mp4-154_jpg.rf.c268d4e0c4595bb7d5a2bc2c4c5982a5.jpg</filename>
	<path>PascalVOC\JPEGImages\VID_20230502_123940_mp4-154_jpg.rf.c268d4e0c4595bb7d5a2bc2c4c5982a5.jpg</path>
	<source>
		<database>roboflow.com</database>
	</source>
	<size>
		<width>640</width>
		<height>640</height>
		<depth>3</depth>
	</size>
	<segmented>0</segmented>
	<object>
		<name>awake</name>
		<pose>Unspecified</pose>
		<truncated>0</truncated>
		<difficult>0</difficult>
		<occluded>0</occluded>
		<bndbox>
			<xmin>277</xmin>
			<xmax>396</xmax>
			<ymin>33</ymin>
			<ymax>343</ymax>
		</bndbox>
	</object>
	</annotation>