<annotation>
	<folder />
	<filename>VID_20230502_123940_mp4-1206_jpg.rf.5fa20b9fdc0384b9645eae5e2bdff1fd.jpg</filename>
	<path>PascalVOC\JPEGImages\VID_20230502_123940_mp4-1206_jpg.rf.5fa20b9fdc0384b9645eae5e2bdff1fd.jpg</path>
	<source>
		<database>roboflow.com</database>
	</source>
	<size>
		<width>640</width>
		<height>640</height>
		<depth>3</depth>
	</size>
	<segmented>0</segmented>
	<object>
		<name>drowsy</name>
		<pose>Unspecified</pose>
		<truncated>0</truncated>
		<difficult>0</difficult>
		<occluded>0</occluded>
		<bndbox>
			<xmin>272</xmin>
			<xmax>401</xmax>
			<ymin>39</ymin>
			<ymax>362</ymax>
		</bndbox>
	</object>
	</annotation>