<annotation>
	<folder />
	<filename>VID_20230502_123940_mp4-762_jpg.rf.58d05038c6bd694e2e4517546cdd2c3b.jpg</filename>
	<path>PascalVOC\JPEGImages\VID_20230502_123940_mp4-762_jpg.rf.58d05038c6bd694e2e4517546cdd2c3b.jpg</path>
	<source>
		<database>roboflow.com</database>
	</source>
	<size>
		<width>640</width>
		<height>640</height>
		<depth>3</depth>
	</size>
	<segmented>0</segmented>
	<object>
		<name>awake</name>
		<pose>Unspecified</pose>
		<truncated>0</truncated>
		<difficult>0</difficult>
		<occluded>0</occluded>
		<bndbox>
			<xmin>270</xmin>
			<xmax>401</xmax>
			<ymin>35</ymin>
			<ymax>346</ymax>
		</bndbox>
	</object>
	</annotation>