<annotation>
	<folder />
	<filename>VID_20230502_123940_mp4-1383_jpg.rf.27a57f5e07b0d316f4282eae270809ed.jpg</filename>
	<path>PascalVOC\JPEGImages\VID_20230502_123940_mp4-1383_jpg.rf.27a57f5e07b0d316f4282eae270809ed.jpg</path>
	<source>
		<database>roboflow.com</database>
	</source>
	<size>
		<width>640</width>
		<height>640</height>
		<depth>3</depth>
	</size>
	<segmented>0</segmented>
	<object>
		<name>awake</name>
		<pose>Unspecified</pose>
		<truncated>0</truncated>
		<difficult>0</difficult>
		<occluded>0</occluded>
		<bndbox>
			<xmin>266</xmin>
			<xmax>393</xmax>
			<ymin>38</ymin>
			<ymax>342</ymax>
		</bndbox>
	</object>
	</annotation>