<annotation>
	<folder />
	<filename>VID_20230502_123940_mp4-770_jpg.rf.0de2dd0fe09f444ae9502085de4501f8.jpg</filename>
	<path>PascalVOC\JPEGImages\VID_20230502_123940_mp4-770_jpg.rf.0de2dd0fe09f444ae9502085de4501f8.jpg</path>
	<source>
		<database>roboflow.com</database>
	</source>
	<size>
		<width>640</width>
		<height>640</height>
		<depth>3</depth>
	</size>
	<segmented>0</segmented>
	<object>
		<name>awake</name>
		<pose>Unspecified</pose>
		<truncated>0</truncated>
		<difficult>0</difficult>
		<occluded>0</occluded>
		<bndbox>
			<xmin>273</xmin>
			<xmax>406</xmax>
			<ymin>37</ymin>
			<ymax>333</ymax>
		</bndbox>
	</object>
	</annotation>