<annotation>
	<folder />
	<filename>VID_20230502_123940_mp4-366_jpg.rf.22aec23a86e757cf9df00a5a9e979f12.jpg</filename>
	<path>PascalVOC\JPEGImages\VID_20230502_123940_mp4-366_jpg.rf.22aec23a86e757cf9df00a5a9e979f12.jpg</path>
	<source>
		<database>roboflow.com</database>
	</source>
	<size>
		<width>640</width>
		<height>640</height>
		<depth>3</depth>
	</size>
	<segmented>0</segmented>
	<object>
		<name>awake</name>
		<pose>Unspecified</pose>
		<truncated>0</truncated>
		<difficult>0</difficult>
		<occluded>0</occluded>
		<bndbox>
			<xmin>282</xmin>
			<xmax>401</xmax>
			<ymin>38</ymin>
			<ymax>330</ymax>
		</bndbox>
	</object>
	</annotation>