<annotation>
	<folder />
	<filename>VID_20230502_123940_mp4-152_jpg.rf.ca722295d085a06a8f50d30149381d56.jpg</filename>
	<path>PascalVOC\JPEGImages\VID_20230502_123940_mp4-152_jpg.rf.ca722295d085a06a8f50d30149381d56.jpg</path>
	<source>
		<database>roboflow.com</database>
	</source>
	<size>
		<width>640</width>
		<height>640</height>
		<depth>3</depth>
	</size>
	<segmented>0</segmented>
	<object>
		<name>awake</name>
		<pose>Unspecified</pose>
		<truncated>0</truncated>
		<difficult>0</difficult>
		<occluded>0</occluded>
		<bndbox>
			<xmin>275</xmin>
			<xmax>395</xmax>
			<ymin>30</ymin>
			<ymax>344</ymax>
		</bndbox>
	</object>
	</annotation>