<annotation>
	<folder />
	<filename>VID_20230502_123940_mp4-1111_jpg.rf.2e6439c8ce191a294944688c88992234.jpg</filename>
	<path>PascalVOC\JPEGImages\VID_20230502_123940_mp4-1111_jpg.rf.2e6439c8ce191a294944688c88992234.jpg</path>
	<source>
		<database>roboflow.com</database>
	</source>
	<size>
		<width>640</width>
		<height>640</height>
		<depth>3</depth>
	</size>
	<segmented>0</segmented>
	<object>
		<name>awake</name>
		<pose>Unspecified</pose>
		<truncated>0</truncated>
		<difficult>0</difficult>
		<occluded>0</occluded>
		<bndbox>
			<xmin>276</xmin>
			<xmax>400</xmax>
			<ymin>32</ymin>
			<ymax>352</ymax>
		</bndbox>
	</object>
	</annotation>