<annotation>
	<folder />
	<filename>VID_20230502_123940_mp4-314_jpg.rf.745226f08bba529e752644e3ff359d3b.jpg</filename>
	<path>PascalVOC\JPEGImages\VID_20230502_123940_mp4-314_jpg.rf.745226f08bba529e752644e3ff359d3b.jpg</path>
	<source>
		<database>roboflow.com</database>
	</source>
	<size>
		<width>640</width>
		<height>640</height>
		<depth>3</depth>
	</size>
	<segmented>0</segmented>
	<object>
		<name>drowsy</name>
		<pose>Unspecified</pose>
		<truncated>0</truncated>
		<difficult>0</difficult>
		<occluded>0</occluded>
		<bndbox>
			<xmin>275</xmin>
			<xmax>412</xmax>
			<ymin>24</ymin>
			<ymax>375</ymax>
		</bndbox>
	</object>
	</annotation>