<annotation>
	<folder />
	<filename>VID_20230502_123940_mp4-100_jpg.rf.340662b27d2c99f018470c4f077da0df.jpg</filename>
	<path>PascalVOC\JPEGImages\VID_20230502_123940_mp4-100_jpg.rf.340662b27d2c99f018470c4f077da0df.jpg</path>
	<source>
		<database>roboflow.com</database>
	</source>
	<size>
		<width>640</width>
		<height>640</height>
		<depth>3</depth>
	</size>
	<segmented>0</segmented>
	<object>
		<name>awake</name>
		<pose>Unspecified</pose>
		<truncated>0</truncated>
		<difficult>0</difficult>
		<occluded>0</occluded>
		<bndbox>
			<xmin>281</xmin>
			<xmax>409</xmax>
			<ymin>40</ymin>
			<ymax>338</ymax>
		</bndbox>
	</object>
	</annotation>