<annotation>
	<folder />
	<filename>VID_20230502_123940_mp4-1397_jpg.rf.53b037a767f10c15ae1a80cfdb874b2f.jpg</filename>
	<path>PascalVOC\JPEGImages\VID_20230502_123940_mp4-1397_jpg.rf.53b037a767f10c15ae1a80cfdb874b2f.jpg</path>
	<source>
		<database>roboflow.com</database>
	</source>
	<size>
		<width>640</width>
		<height>640</height>
		<depth>3</depth>
	</size>
	<segmented>0</segmented>
	<object>
		<name>drowsy</name>
		<pose>Unspecified</pose>
		<truncated>0</truncated>
		<difficult>0</difficult>
		<occluded>0</occluded>
		<bndbox>
			<xmin>269</xmin>
			<xmax>399</xmax>
			<ymin>33</ymin>
			<ymax>339</ymax>
		</bndbox>
	</object>
	</annotation>