<annotation>
	<folder />
	<filename>VID_20230502_123940_mp4-1313_jpg.rf.be97422c834b403e3068c223ba56bbb9.jpg</filename>
	<path>PascalVOC\JPEGImages\VID_20230502_123940_mp4-1313_jpg.rf.be97422c834b403e3068c223ba56bbb9.jpg</path>
	<source>
		<database>roboflow.com</database>
	</source>
	<size>
		<width>640</width>
		<height>640</height>
		<depth>3</depth>
	</size>
	<segmented>0</segmented>
	<object>
		<name>awake</name>
		<pose>Unspecified</pose>
		<truncated>0</truncated>
		<difficult>0</difficult>
		<occluded>0</occluded>
		<bndbox>
			<xmin>276</xmin>
			<xmax>405</xmax>
			<ymin>29</ymin>
			<ymax>341</ymax>
		</bndbox>
	</object>
	</annotation>