<annotation>
	<folder />
	<filename>VID_20230502_123940_mp4-798_jpg.rf.b0d41e4095dff88eb6205c58b279f18a.jpg</filename>
	<path>PascalVOC\JPEGImages\VID_20230502_123940_mp4-798_jpg.rf.b0d41e4095dff88eb6205c58b279f18a.jpg</path>
	<source>
		<database>roboflow.com</database>
	</source>
	<size>
		<width>640</width>
		<height>640</height>
		<depth>3</depth>
	</size>
	<segmented>0</segmented>
	<object>
		<name>awake</name>
		<pose>Unspecified</pose>
		<truncated>0</truncated>
		<difficult>0</difficult>
		<occluded>0</occluded>
		<bndbox>
			<xmin>275</xmin>
			<xmax>404</xmax>
			<ymin>34</ymin>
			<ymax>348</ymax>
		</bndbox>
	</object>
	</annotation>