<annotation>
	<folder />
	<filename>VID_20230502_123940_mp4-124_jpg.rf.a142438252a4b568d5fd546e290e7f33.jpg</filename>
	<path>PascalVOC\JPEGImages\VID_20230502_123940_mp4-124_jpg.rf.a142438252a4b568d5fd546e290e7f33.jpg</path>
	<source>
		<database>roboflow.com</database>
	</source>
	<size>
		<width>640</width>
		<height>640</height>
		<depth>3</depth>
	</size>
	<segmented>0</segmented>
	<object>
		<name>awake</name>
		<pose>Unspecified</pose>
		<truncated>0</truncated>
		<difficult>0</difficult>
		<occluded>0</occluded>
		<bndbox>
			<xmin>278</xmin>
			<xmax>396</xmax>
			<ymin>36</ymin>
			<ymax>337</ymax>
		</bndbox>
	</object>
	</annotation>