<annotation>
	<folder />
	<filename>VID_20230502_123940_mp4-1153_jpg.rf.ea45ec8fd3e7f0a4d6efb56ee652e0df.jpg</filename>
	<path>PascalVOC\JPEGImages\VID_20230502_123940_mp4-1153_jpg.rf.ea45ec8fd3e7f0a4d6efb56ee652e0df.jpg</path>
	<source>
		<database>roboflow.com</database>
	</source>
	<size>
		<width>640</width>
		<height>640</height>
		<depth>3</depth>
	</size>
	<segmented>0</segmented>
	<object>
		<name>awake</name>
		<pose>Unspecified</pose>
		<truncated>0</truncated>
		<difficult>0</difficult>
		<occluded>0</occluded>
		<bndbox>
			<xmin>258</xmin>
			<xmax>388</xmax>
			<ymin>37</ymin>
			<ymax>343</ymax>
		</bndbox>
	</object>
	</annotation>