<annotation>
	<folder />
	<filename>VID_20230502_123940_mp4-1348_jpg.rf.1ea4dbf4ec907ca94e9fd02aadedc03d.jpg</filename>
	<path>PascalVOC\JPEGImages\VID_20230502_123940_mp4-1348_jpg.rf.1ea4dbf4ec907ca94e9fd02aadedc03d.jpg</path>
	<source>
		<database>roboflow.com</database>
	</source>
	<size>
		<width>640</width>
		<height>640</height>
		<depth>3</depth>
	</size>
	<segmented>0</segmented>
	<object>
		<name>drowsy</name>
		<pose>Unspecified</pose>
		<truncated>0</truncated>
		<difficult>0</difficult>
		<occluded>0</occluded>
		<bndbox>
			<xmin>269</xmin>
			<xmax>395</xmax>
			<ymin>28</ymin>
			<ymax>368</ymax>
		</bndbox>
	</object>
	</annotation>