<annotation>
	<folder />
	<filename>VID_20230502_123940_mp4-104_jpg.rf.52173e54fe6091df5c65942762dd9114.jpg</filename>
	<path>PascalVOC\JPEGImages\VID_20230502_123940_mp4-104_jpg.rf.52173e54fe6091df5c65942762dd9114.jpg</path>
	<source>
		<database>roboflow.com</database>
	</source>
	<size>
		<width>640</width>
		<height>640</height>
		<depth>3</depth>
	</size>
	<segmented>0</segmented>
	<object>
		<name>drowsy</name>
		<pose>Unspecified</pose>
		<truncated>0</truncated>
		<difficult>0</difficult>
		<occluded>0</occluded>
		<bndbox>
			<xmin>282</xmin>
			<xmax>410</xmax>
			<ymin>25</ymin>
			<ymax>356</ymax>
		</bndbox>
	</object>
	</annotation>