<annotation>
	<folder />
	<filename>VID_20230502_123940_mp4-623_jpg.rf.983b5dd6db3241f559a67123f281b408.jpg</filename>
	<path>PascalVOC\JPEGImages\VID_20230502_123940_mp4-623_jpg.rf.983b5dd6db3241f559a67123f281b408.jpg</path>
	<source>
		<database>roboflow.com</database>
	</source>
	<size>
		<width>640</width>
		<height>640</height>
		<depth>3</depth>
	</size>
	<segmented>0</segmented>
	<object>
		<name>awake</name>
		<pose>Unspecified</pose>
		<truncated>0</truncated>
		<difficult>0</difficult>
		<occluded>0</occluded>
		<bndbox>
			<xmin>279</xmin>
			<xmax>404</xmax>
			<ymin>33</ymin>
			<ymax>343</ymax>
		</bndbox>
	</object>
	</annotation>