<annotation>
	<folder />
	<filename>VID_20230502_123940_mp4-1098_jpg.rf.51f8b8c48ec7004d7977a273a423aa30.jpg</filename>
	<path>PascalVOC\JPEGImages\VID_20230502_123940_mp4-1098_jpg.rf.51f8b8c48ec7004d7977a273a423aa30.jpg</path>
	<source>
		<database>roboflow.com</database>
	</source>
	<size>
		<width>640</width>
		<height>640</height>
		<depth>3</depth>
	</size>
	<segmented>0</segmented>
	<object>
		<name>awake</name>
		<pose>Unspecified</pose>
		<truncated>0</truncated>
		<difficult>0</difficult>
		<occluded>0</occluded>
		<bndbox>
			<xmin>269</xmin>
			<xmax>396</xmax>
			<ymin>31</ymin>
			<ymax>350</ymax>
		</bndbox>
	</object>
	</annotation>