<annotation>
	<folder />
	<filename>VID_20230502_123940_mp4-760_jpg.rf.7013eef9836c6f0ee6ea40d93540e114.jpg</filename>
	<path>PascalVOC\JPEGImages\VID_20230502_123940_mp4-760_jpg.rf.7013eef9836c6f0ee6ea40d93540e114.jpg</path>
	<source>
		<database>roboflow.com</database>
	</source>
	<size>
		<width>640</width>
		<height>640</height>
		<depth>3</depth>
	</size>
	<segmented>0</segmented>
	<object>
		<name>awake</name>
		<pose>Unspecified</pose>
		<truncated>0</truncated>
		<difficult>0</difficult>
		<occluded>0</occluded>
		<bndbox>
			<xmin>272</xmin>
			<xmax>400</xmax>
			<ymin>37</ymin>
			<ymax>329</ymax>
		</bndbox>
	</object>
	</annotation>