<annotation>
	<folder />
	<filename>VID_20230502_123940_mp4-1001_jpg.rf.7964f232934f4f2f1095e995f8eda198.jpg</filename>
	<path>PascalVOC\JPEGImages\VID_20230502_123940_mp4-1001_jpg.rf.7964f232934f4f2f1095e995f8eda198.jpg</path>
	<source>
		<database>roboflow.com</database>
	</source>
	<size>
		<width>640</width>
		<height>640</height>
		<depth>3</depth>
	</size>
	<segmented>0</segmented>
	<object>
		<name>awake</name>
		<pose>Unspecified</pose>
		<truncated>0</truncated>
		<difficult>0</difficult>
		<occluded>0</occluded>
		<bndbox>
			<xmin>275</xmin>
			<xmax>399</xmax>
			<ymin>46</ymin>
			<ymax>368</ymax>
		</bndbox>
	</object>
</annotation>