<annotation>
	<folder />
	<filename>VID_20230502_123940_mp4-1254_jpg.rf.7969425213973767e839ac0412b891e6.jpg</filename>
	<path>PascalVOC\JPEGImages\VID_20230502_123940_mp4-1254_jpg.rf.7969425213973767e839ac0412b891e6.jpg</path>
	<source>
		<database>roboflow.com</database>
	</source>
	<size>
		<width>640</width>
		<height>640</height>
		<depth>3</depth>
	</size>
	<segmented>0</segmented>
	<object>
		<name>awake</name>
		<pose>Unspecified</pose>
		<truncated>0</truncated>
		<difficult>0</difficult>
		<occluded>0</occluded>
		<bndbox>
			<xmin>271</xmin>
			<xmax>398</xmax>
			<ymin>32</ymin>
			<ymax>348</ymax>
		</bndbox>
	</object>
	</annotation>