<annotation>
	<folder />
	<filename>VID_20230502_123940_mp4-1209_jpg.rf.e77b4d97a0ce18b002a301e17966d818.jpg</filename>
	<path>PascalVOC\JPEGImages\VID_20230502_123940_mp4-1209_jpg.rf.e77b4d97a0ce18b002a301e17966d818.jpg</path>
	<source>
		<database>roboflow.com</database>
	</source>
	<size>
		<width>640</width>
		<height>640</height>
		<depth>3</depth>
	</size>
	<segmented>0</segmented>
	<object>
		<name>drowsy</name>
		<pose>Unspecified</pose>
		<truncated>0</truncated>
		<difficult>0</difficult>
		<occluded>0</occluded>
		<bndbox>
			<xmin>275</xmin>
			<xmax>401</xmax>
			<ymin>38</ymin>
			<ymax>365</ymax>
		</bndbox>
	</object>
	</annotation>