<annotation>
	<folder />
	<filename>VID_20230502_123940_mp4-125_jpg.rf.d2ba3e91d401d382db0be5d92189d78e.jpg</filename>
	<path>PascalVOC\JPEGImages\VID_20230502_123940_mp4-125_jpg.rf.d2ba3e91d401d382db0be5d92189d78e.jpg</path>
	<source>
		<database>roboflow.com</database>
	</source>
	<size>
		<width>640</width>
		<height>640</height>
		<depth>3</depth>
	</size>
	<segmented>0</segmented>
	<object>
		<name>awake</name>
		<pose>Unspecified</pose>
		<truncated>0</truncated>
		<difficult>0</difficult>
		<occluded>0</occluded>
		<bndbox>
			<xmin>277</xmin>
			<xmax>397</xmax>
			<ymin>33</ymin>
			<ymax>335</ymax>
		</bndbox>
	</object>
	</annotation>