<annotation>
	<folder />
	<filename>VID_20230502_123940_mp4-1400_jpg.rf.04765e0248586ad0af719909d223cf2c.jpg</filename>
	<path>PascalVOC\JPEGImages\VID_20230502_123940_mp4-1400_jpg.rf.04765e0248586ad0af719909d223cf2c.jpg</path>
	<source>
		<database>roboflow.com</database>
	</source>
	<size>
		<width>640</width>
		<height>640</height>
		<depth>3</depth>
	</size>
	<segmented>0</segmented>
	<object>
		<name>drowsy</name>
		<pose>Unspecified</pose>
		<truncated>0</truncated>
		<difficult>0</difficult>
		<occluded>0</occluded>
		<bndbox>
			<xmin>272</xmin>
			<xmax>398</xmax>
			<ymin>33</ymin>
			<ymax>344</ymax>
		</bndbox>
	</object>
	</annotation>