<annotation>
	<folder />
	<filename>VID_20230502_123940_mp4-619_jpg.rf.4eecb91e275243ff4d0b4fe99a7eab06.jpg</filename>
	<path>PascalVOC\JPEGImages\VID_20230502_123940_mp4-619_jpg.rf.4eecb91e275243ff4d0b4fe99a7eab06.jpg</path>
	<source>
		<database>roboflow.com</database>
	</source>
	<size>
		<width>640</width>
		<height>640</height>
		<depth>3</depth>
	</size>
	<segmented>0</segmented>
	<object>
		<name>awake</name>
		<pose>Unspecified</pose>
		<truncated>0</truncated>
		<difficult>0</difficult>
		<occluded>0</occluded>
		<bndbox>
			<xmin>280</xmin>
			<xmax>402</xmax>
			<ymin>38</ymin>
			<ymax>344</ymax>
		</bndbox>
	</object>
	</annotation>