<annotation>
	<folder />
	<filename>VID_20230502_123940_mp4-1089_jpg.rf.0f0927674d5952120b31225ec3650b46.jpg</filename>
	<path>PascalVOC\JPEGImages\VID_20230502_123940_mp4-1089_jpg.rf.0f0927674d5952120b31225ec3650b46.jpg</path>
	<source>
		<database>roboflow.com</database>
	</source>
	<size>
		<width>640</width>
		<height>640</height>
		<depth>3</depth>
	</size>
	<segmented>0</segmented>
	<object>
		<name>awake</name>
		<pose>Unspecified</pose>
		<truncated>0</truncated>
		<difficult>0</difficult>
		<occluded>0</occluded>
		<bndbox>
			<xmin>269</xmin>
			<xmax>393</xmax>
			<ymin>33</ymin>
			<ymax>355</ymax>
		</bndbox>
	</object>
	</annotation>