<annotation>
	<folder />
	<filename>VID_20230502_123940_mp4-1346_jpg.rf.22ad67259ff65c146600d96192609f3c.jpg</filename>
	<path>PascalVOC\JPEGImages\VID_20230502_123940_mp4-1346_jpg.rf.22ad67259ff65c146600d96192609f3c.jpg</path>
	<source>
		<database>roboflow.com</database>
	</source>
	<size>
		<width>640</width>
		<height>640</height>
		<depth>3</depth>
	</size>
	<segmented>0</segmented>
	<object>
		<name>awake</name>
		<pose>Unspecified</pose>
		<truncated>0</truncated>
		<difficult>0</difficult>
		<occluded>0</occluded>
		<bndbox>
			<xmin>265</xmin>
			<xmax>391</xmax>
			<ymin>29</ymin>
			<ymax>362</ymax>
		</bndbox>
	</object>
	</annotation>