<annotation>
	<folder />
	<filename>VID_20230502_123940_mp4-1005_jpg.rf.3813c2b4361b3a6ff850e52ae2eeeb63.jpg</filename>
	<path>PascalVOC\JPEGImages\VID_20230502_123940_mp4-1005_jpg.rf.3813c2b4361b3a6ff850e52ae2eeeb63.jpg</path>
	<source>
		<database>roboflow.com</database>
	</source>
	<size>
		<width>640</width>
		<height>640</height>
		<depth>3</depth>
	</size>
	<segmented>0</segmented>
	<object>
		<name>awake</name>
		<pose>Unspecified</pose>
		<truncated>0</truncated>
		<difficult>0</difficult>
		<occluded>0</occluded>
		<bndbox>
			<xmin>274</xmin>
			<xmax>402</xmax>
			<ymin>55</ymin>
			<ymax>385</ymax>
		</bndbox>
	</object>
</annotation>