<annotation>
	<folder />
	<filename>VID_20230502_123940_mp4-1004_jpg.rf.43f827a1a00afa3e38542a9ae2db097b.jpg</filename>
	<path>PascalVOC\JPEGImages\VID_20230502_123940_mp4-1004_jpg.rf.43f827a1a00afa3e38542a9ae2db097b.jpg</path>
	<source>
		<database>roboflow.com</database>
	</source>
	<size>
		<width>640</width>
		<height>640</height>
		<depth>3</depth>
	</size>
	<segmented>0</segmented>
	<object>
		<name>awake</name>
		<pose>Unspecified</pose>
		<truncated>0</truncated>
		<difficult>0</difficult>
		<occluded>0</occluded>
		<bndbox>
			<xmin>275</xmin>
			<xmax>403</xmax>
			<ymin>37</ymin>
			<ymax>371</ymax>
		</bndbox>
	</object>
</annotation>