<annotation>
	<folder />
	<filename>VID_20230502_123940_mp4-617_jpg.rf.d3c2e519afadd25f25e4d88cff1604d5.jpg</filename>
	<path>PascalVOC\JPEGImages\VID_20230502_123940_mp4-617_jpg.rf.d3c2e519afadd25f25e4d88cff1604d5.jpg</path>
	<source>
		<database>roboflow.com</database>
	</source>
	<size>
		<width>640</width>
		<height>640</height>
		<depth>3</depth>
	</size>
	<segmented>0</segmented>
	<object>
		<name>awake</name>
		<pose>Unspecified</pose>
		<truncated>0</truncated>
		<difficult>0</difficult>
		<occluded>0</occluded>
		<bndbox>
			<xmin>280</xmin>
			<xmax>404</xmax>
			<ymin>34</ymin>
			<ymax>348</ymax>
		</bndbox>
	</object>
	</annotation>