<annotation>
	<folder />
	<filename>VID_20230502_123940_mp4-1200_jpg.rf.3f2f213c9ea215cf738398a894b282bd.jpg</filename>
	<path>PascalVOC\JPEGImages\VID_20230502_123940_mp4-1200_jpg.rf.3f2f213c9ea215cf738398a894b282bd.jpg</path>
	<source>
		<database>roboflow.com</database>
	</source>
	<size>
		<width>640</width>
		<height>640</height>
		<depth>3</depth>
	</size>
	<segmented>0</segmented>
	<object>
		<name>drowsy</name>
		<pose>Unspecified</pose>
		<truncated>0</truncated>
		<difficult>0</difficult>
		<occluded>0</occluded>
		<bndbox>
			<xmin>278</xmin>
			<xmax>404</xmax>
			<ymin>38</ymin>
			<ymax>349</ymax>
		</bndbox>
	</object>
	</annotation>