<annotation>
	<folder />
	<filename>VID_20230502_123940_mp4-105_jpg.rf.ba94029aceee9c46876bc1cb91207c67.jpg</filename>
	<path>PascalVOC\JPEGImages\VID_20230502_123940_mp4-105_jpg.rf.ba94029aceee9c46876bc1cb91207c67.jpg</path>
	<source>
		<database>roboflow.com</database>
	</source>
	<size>
		<width>640</width>
		<height>640</height>
		<depth>3</depth>
	</size>
	<segmented>0</segmented>
	<object>
		<name>awake</name>
		<pose>Unspecified</pose>
		<truncated>0</truncated>
		<difficult>0</difficult>
		<occluded>0</occluded>
		<bndbox>
			<xmin>281</xmin>
			<xmax>409</xmax>
			<ymin>19</ymin>
			<ymax>357</ymax>
		</bndbox>
	</object>
	</annotation>