<annotation>
	<folder />
	<filename>VID_20230502_123940_mp4-155_jpg.rf.0c2a97c9f67416ad419b70d67f9e6c61.jpg</filename>
	<path>PascalVOC\JPEGImages\VID_20230502_123940_mp4-155_jpg.rf.0c2a97c9f67416ad419b70d67f9e6c61.jpg</path>
	<source>
		<database>roboflow.com</database>
	</source>
	<size>
		<width>640</width>
		<height>640</height>
		<depth>3</depth>
	</size>
	<segmented>0</segmented>
	<object>
		<name>awake</name>
		<pose>Unspecified</pose>
		<truncated>0</truncated>
		<difficult>0</difficult>
		<occluded>0</occluded>
		<bndbox>
			<xmin>275</xmin>
			<xmax>398</xmax>
			<ymin>24</ymin>
			<ymax>340</ymax>
		</bndbox>
	</object>
	</annotation>