<annotation>
	<folder />
	<filename>VID_20230502_123940_mp4-1319_jpg.rf.60e979827bc43bba7c06f66f28e75720.jpg</filename>
	<path>PascalVOC\JPEGImages\VID_20230502_123940_mp4-1319_jpg.rf.60e979827bc43bba7c06f66f28e75720.jpg</path>
	<source>
		<database>roboflow.com</database>
	</source>
	<size>
		<width>640</width>
		<height>640</height>
		<depth>3</depth>
	</size>
	<segmented>0</segmented>
	<object>
		<name>awake</name>
		<pose>Unspecified</pose>
		<truncated>0</truncated>
		<difficult>0</difficult>
		<occluded>0</occluded>
		<bndbox>
			<xmin>278</xmin>
			<xmax>404</xmax>
			<ymin>25</ymin>
			<ymax>341</ymax>
		</bndbox>
	</object>
	</annotation>