<annotation>
	<folder />
	<filename>VID_20230502_123940_mp4-1377_jpg.rf.c8e9e4c5e125766516df16954e1206e1.jpg</filename>
	<path>PascalVOC\JPEGImages\VID_20230502_123940_mp4-1377_jpg.rf.c8e9e4c5e125766516df16954e1206e1.jpg</path>
	<source>
		<database>roboflow.com</database>
	</source>
	<size>
		<width>640</width>
		<height>640</height>
		<depth>3</depth>
	</size>
	<segmented>0</segmented>
	<object>
		<name>awake</name>
		<pose>Unspecified</pose>
		<truncated>0</truncated>
		<difficult>0</difficult>
		<occluded>0</occluded>
		<bndbox>
			<xmin>261</xmin>
			<xmax>388</xmax>
			<ymin>37</ymin>
			<ymax>350</ymax>
		</bndbox>
	</object>
	</annotation>