<annotation>
	<folder />
	<filename>VID_20230502_123940_mp4-1008_jpg.rf.2656f0fd361d63b045f4882674ce1538.jpg</filename>
	<path>PascalVOC\JPEGImages\VID_20230502_123940_mp4-1008_jpg.rf.2656f0fd361d63b045f4882674ce1538.jpg</path>
	<source>
		<database>roboflow.com</database>
	</source>
	<size>
		<width>640</width>
		<height>640</height>
		<depth>3</depth>
	</size>
	<segmented>0</segmented>
	<object>
		<name>awake</name>
		<pose>Unspecified</pose>
		<truncated>0</truncated>
		<difficult>0</difficult>
		<occluded>0</occluded>
		<bndbox>
			<xmin>269</xmin>
			<xmax>398</xmax>
			<ymin>44</ymin>
			<ymax>377</ymax>
		</bndbox>
	</object>
	</annotation>