<annotation>
	<folder />
	<filename>VID_20230502_123940_mp4-1402_jpg.rf.1b5bf8f1ff616a2a1d0049479af89826.jpg</filename>
	<path>PascalVOC\JPEGImages\VID_20230502_123940_mp4-1402_jpg.rf.1b5bf8f1ff616a2a1d0049479af89826.jpg</path>
	<source>
		<database>roboflow.com</database>
	</source>
	<size>
		<width>640</width>
		<height>640</height>
		<depth>3</depth>
	</size>
	<segmented>0</segmented>
	<object>
		<name>drowsy</name>
		<pose>Unspecified</pose>
		<truncated>0</truncated>
		<difficult>0</difficult>
		<occluded>0</occluded>
		<bndbox>
			<xmin>274</xmin>
			<xmax>398</xmax>
			<ymin>34</ymin>
			<ymax>341</ymax>
		</bndbox>
	</object>
	</annotation>