<annotation>
	<folder />
	<filename>VID_20230502_123940_mp4-1003_jpg.rf.659a1e85a91751fe18347d67f9d3fba5.jpg</filename>
	<path>PascalVOC\JPEGImages\VID_20230502_123940_mp4-1003_jpg.rf.659a1e85a91751fe18347d67f9d3fba5.jpg</path>
	<source>
		<database>roboflow.com</database>
	</source>
	<size>
		<width>640</width>
		<height>640</height>
		<depth>3</depth>
	</size>
	<segmented>0</segmented>
	<object>
		<name>awake</name>
		<pose>Unspecified</pose>
		<truncated>0</truncated>
		<difficult>0</difficult>
		<occluded>0</occluded>
		<bndbox>
			<xmin>273</xmin>
			<xmax>401</xmax>
			<ymin>43</ymin>
			<ymax>366</ymax>
		</bndbox>
	</object>
</annotation>