<annotation>
	<folder />
	<filename>VID_20230502_123940_mp4-130_jpg.rf.95c059f871fbeb94eb4cc91db37e1556.jpg</filename>
	<path>PascalVOC\JPEGImages\VID_20230502_123940_mp4-130_jpg.rf.95c059f871fbeb94eb4cc91db37e1556.jpg</path>
	<source>
		<database>roboflow.com</database>
	</source>
	<size>
		<width>640</width>
		<height>640</height>
		<depth>3</depth>
	</size>
	<segmented>0</segmented>
	<object>
		<name>awake</name>
		<pose>Unspecified</pose>
		<truncated>0</truncated>
		<difficult>0</difficult>
		<occluded>0</occluded>
		<bndbox>
			<xmin>279</xmin>
			<xmax>397</xmax>
			<ymin>36</ymin>
			<ymax>338</ymax>
		</bndbox>
	</object>
	</annotation>