<annotation>
	<folder />
	<filename>VID_20230502_123940_mp4-763_jpg.rf.0e029c64372af5cec96e27a14508d8b9.jpg</filename>
	<path>PascalVOC\JPEGImages\VID_20230502_123940_mp4-763_jpg.rf.0e029c64372af5cec96e27a14508d8b9.jpg</path>
	<source>
		<database>roboflow.com</database>
	</source>
	<size>
		<width>640</width>
		<height>640</height>
		<depth>3</depth>
	</size>
	<segmented>0</segmented>
	<object>
		<name>awake</name>
		<pose>Unspecified</pose>
		<truncated>0</truncated>
		<difficult>0</difficult>
		<occluded>0</occluded>
		<bndbox>
			<xmin>269</xmin>
			<xmax>401</xmax>
			<ymin>34</ymin>
			<ymax>322</ymax>
		</bndbox>
	</object>
	</annotation>