<annotation>
	<folder />
	<filename>VID_20230502_123940_mp4-1199_jpg.rf.034002cfb7579fe37e52f0dc7f4bca46.jpg</filename>
	<path>PascalVOC\JPEGImages\VID_20230502_123940_mp4-1199_jpg.rf.034002cfb7579fe37e52f0dc7f4bca46.jpg</path>
	<source>
		<database>roboflow.com</database>
	</source>
	<size>
		<width>640</width>
		<height>640</height>
		<depth>3</depth>
	</size>
	<segmented>0</segmented>
	<object>
		<name>drowsy</name>
		<pose>Unspecified</pose>
		<truncated>0</truncated>
		<difficult>0</difficult>
		<occluded>0</occluded>
		<bndbox>
			<xmin>277</xmin>
			<xmax>405</xmax>
			<ymin>36</ymin>
			<ymax>344</ymax>
		</bndbox>
	</object>
	</annotation>