<annotation>
	<folder />
	<filename>VID_20230502_123940_mp4-318_jpg.rf.ea8cb02a24cd3a15ff8c6cd6a568f56d.jpg</filename>
	<path>PascalVOC\JPEGImages\VID_20230502_123940_mp4-318_jpg.rf.ea8cb02a24cd3a15ff8c6cd6a568f56d.jpg</path>
	<source>
		<database>roboflow.com</database>
	</source>
	<size>
		<width>640</width>
		<height>640</height>
		<depth>3</depth>
	</size>
	<segmented>0</segmented>
	<object>
		<name>drowsy</name>
		<pose>Unspecified</pose>
		<truncated>0</truncated>
		<difficult>0</difficult>
		<occluded>0</occluded>
		<bndbox>
			<xmin>279</xmin>
			<xmax>414</xmax>
			<ymin>19</ymin>
			<ymax>373</ymax>
		</bndbox>
	</object>
	</annotation>