<annotation>
	<folder />
	<filename>VID_20230502_123940_mp4-1379_jpg.rf.c94c6ecbc55cb42ea0d41d4f1b9b37a8.jpg</filename>
	<path>PascalVOC\JPEGImages\VID_20230502_123940_mp4-1379_jpg.rf.c94c6ecbc55cb42ea0d41d4f1b9b37a8.jpg</path>
	<source>
		<database>roboflow.com</database>
	</source>
	<size>
		<width>640</width>
		<height>640</height>
		<depth>3</depth>
	</size>
	<segmented>0</segmented>
	<object>
		<name>awake</name>
		<pose>Unspecified</pose>
		<truncated>0</truncated>
		<difficult>0</difficult>
		<occluded>0</occluded>
		<bndbox>
			<xmin>269</xmin>
			<xmax>395</xmax>
			<ymin>33</ymin>
			<ymax>341</ymax>
		</bndbox>
	</object>
	</annotation>