<annotation>
	<folder />
	<filename>VID_20230502_123940_mp4-1422_jpg.rf.f1ce900c116b213178f3065aea7fc78f.jpg</filename>
	<path>PascalVOC\JPEGImages\VID_20230502_123940_mp4-1422_jpg.rf.f1ce900c116b213178f3065aea7fc78f.jpg</path>
	<source>
		<database>roboflow.com</database>
	</source>
	<size>
		<width>640</width>
		<height>640</height>
		<depth>3</depth>
	</size>
	<segmented>0</segmented>
	<object>
		<name>awake</name>
		<pose>Unspecified</pose>
		<truncated>0</truncated>
		<difficult>0</difficult>
		<occluded>0</occluded>
		<bndbox>
			<xmin>274</xmin>
			<xmax>400</xmax>
			<ymin>33</ymin>
			<ymax>342</ymax>
		</bndbox>
	</object>
	</annotation>