<annotation>
	<folder />
	<filename>VID_20230502_123940_mp4-372_jpg.rf.b80575183796ff8d18ca4384cd0e1b00.jpg</filename>
	<path>PascalVOC\JPEGImages\VID_20230502_123940_mp4-372_jpg.rf.b80575183796ff8d18ca4384cd0e1b00.jpg</path>
	<source>
		<database>roboflow.com</database>
	</source>
	<size>
		<width>640</width>
		<height>640</height>
		<depth>3</depth>
	</size>
	<segmented>0</segmented>
	<object>
		<name>awake</name>
		<pose>Unspecified</pose>
		<truncated>0</truncated>
		<difficult>0</difficult>
		<occluded>0</occluded>
		<bndbox>
			<xmin>280</xmin>
			<xmax>407</xmax>
			<ymin>39</ymin>
			<ymax>336</ymax>
		</bndbox>
	</object>
	</annotation>