<annotation>
	<folder />
	<filename>VID_20230502_123940_mp4-1062_jpg.rf.6adb50021b635b98af2a1a129c9d74ca.jpg</filename>
	<path>PascalVOC\JPEGImages\VID_20230502_123940_mp4-1062_jpg.rf.6adb50021b635b98af2a1a129c9d74ca.jpg</path>
	<source>
		<database>roboflow.com</database>
	</source>
	<size>
		<width>640</width>
		<height>640</height>
		<depth>3</depth>
	</size>
	<segmented>0</segmented>
	<object>
		<name>awake</name>
		<pose>Unspecified</pose>
		<truncated>0</truncated>
		<difficult>0</difficult>
		<occluded>0</occluded>
		<bndbox>
			<xmin>260</xmin>
			<xmax>387</xmax>
			<ymin>34</ymin>
			<ymax>341</ymax>
		</bndbox>
	</object>
	</annotation>