<annotation>
	<folder />
	<filename>VID_20230502_123940_mp4-359_jpg.rf.a5fe49a8c978d7b67dac255d454adc4d.jpg</filename>
	<path>PascalVOC\JPEGImages\VID_20230502_123940_mp4-359_jpg.rf.a5fe49a8c978d7b67dac255d454adc4d.jpg</path>
	<source>
		<database>roboflow.com</database>
	</source>
	<size>
		<width>640</width>
		<height>640</height>
		<depth>3</depth>
	</size>
	<segmented>0</segmented>
	<object>
		<name>awake</name>
		<pose>Unspecified</pose>
		<truncated>0</truncated>
		<difficult>0</difficult>
		<occluded>0</occluded>
		<bndbox>
			<xmin>285</xmin>
			<xmax>405</xmax>
			<ymin>36</ymin>
			<ymax>333</ymax>
		</bndbox>
	</object>
	</annotation>