<annotation>
	<folder />
	<filename>VID_20230502_123940_mp4-1169_jpg.rf.ee6c82bbf477ddcfae26cd8c08fc8d53.jpg</filename>
	<path>PascalVOC\JPEGImages\VID_20230502_123940_mp4-1169_jpg.rf.ee6c82bbf477ddcfae26cd8c08fc8d53.jpg</path>
	<source>
		<database>roboflow.com</database>
	</source>
	<size>
		<width>640</width>
		<height>640</height>
		<depth>3</depth>
	</size>
	<segmented>0</segmented>
	<object>
		<name>drowsy</name>
		<pose>Unspecified</pose>
		<truncated>0</truncated>
		<difficult>0</difficult>
		<occluded>0</occluded>
		<bndbox>
			<xmin>276</xmin>
			<xmax>402</xmax>
			<ymin>42</ymin>
			<ymax>322</ymax>
		</bndbox>
	</object>
	</annotation>