<annotation>
	<folder />
	<filename>VID_20230502_123940_mp4-333_jpg.rf.e97505f4b4e3744128f11eab0d8961a9.jpg</filename>
	<path>PascalVOC\JPEGImages\VID_20230502_123940_mp4-333_jpg.rf.e97505f4b4e3744128f11eab0d8961a9.jpg</path>
	<source>
		<database>roboflow.com</database>
	</source>
	<size>
		<width>640</width>
		<height>640</height>
		<depth>3</depth>
	</size>
	<segmented>0</segmented>
	<object>
		<name>awake</name>
		<pose>Unspecified</pose>
		<truncated>0</truncated>
		<difficult>0</difficult>
		<occluded>0</occluded>
		<bndbox>
			<xmin>283</xmin>
			<xmax>406</xmax>
			<ymin>34</ymin>
			<ymax>330</ymax>
		</bndbox>
	</object>
	</annotation>