<annotation>
	<folder />
	<filename>VID_20230502_123940_mp4-1407_jpg.rf.5ff7fdeaf96bea8da95c5aa4066f0c6a.jpg</filename>
	<path>PascalVOC\JPEGImages\VID_20230502_123940_mp4-1407_jpg.rf.5ff7fdeaf96bea8da95c5aa4066f0c6a.jpg</path>
	<source>
		<database>roboflow.com</database>
	</source>
	<size>
		<width>640</width>
		<height>640</height>
		<depth>3</depth>
	</size>
	<segmented>0</segmented>
	<object>
		<name>awake</name>
		<pose>Unspecified</pose>
		<truncated>0</truncated>
		<difficult>0</difficult>
		<occluded>0</occluded>
		<bndbox>
			<xmin>277</xmin>
			<xmax>397</xmax>
			<ymin>34</ymin>
			<ymax>345</ymax>
		</bndbox>
	</object>
	</annotation>