<annotation>
	<folder />
	<filename>VID_20230502_123940_mp4-352_jpg.rf.1913a52358635b2e3aaa748ee8ab826f.jpg</filename>
	<path>PascalVOC\JPEGImages\VID_20230502_123940_mp4-352_jpg.rf.1913a52358635b2e3aaa748ee8ab826f.jpg</path>
	<source>
		<database>roboflow.com</database>
	</source>
	<size>
		<width>640</width>
		<height>640</height>
		<depth>3</depth>
	</size>
	<segmented>0</segmented>
	<object>
		<name>awake</name>
		<pose>Unspecified</pose>
		<truncated>0</truncated>
		<difficult>0</difficult>
		<occluded>0</occluded>
		<bndbox>
			<xmin>282</xmin>
			<xmax>403</xmax>
			<ymin>32</ymin>
			<ymax>340</ymax>
		</bndbox>
	</object>
	</annotation>