<annotation>
	<folder />
	<filename>VID_20230502_123940_mp4-1299_jpg.rf.dd6b4f5f0ca48d6ead11ea4981125cd9.jpg</filename>
	<path>PascalVOC\JPEGImages\VID_20230502_123940_mp4-1299_jpg.rf.dd6b4f5f0ca48d6ead11ea4981125cd9.jpg</path>
	<source>
		<database>roboflow.com</database>
	</source>
	<size>
		<width>640</width>
		<height>640</height>
		<depth>3</depth>
	</size>
	<segmented>0</segmented>
	<object>
		<name>awake</name>
		<pose>Unspecified</pose>
		<truncated>0</truncated>
		<difficult>0</difficult>
		<occluded>0</occluded>
		<bndbox>
			<xmin>281</xmin>
			<xmax>407</xmax>
			<ymin>24</ymin>
			<ymax>332</ymax>
		</bndbox>
	</object>
	</annotation>