<annotation>
	<folder />
	<filename>VID_20230502_123940_mp4-1220_jpg.rf.8f4079986b312ff90982b9b497b908e1.jpg</filename>
	<path>PascalVOC\JPEGImages\VID_20230502_123940_mp4-1220_jpg.rf.8f4079986b312ff90982b9b497b908e1.jpg</path>
	<source>
		<database>roboflow.com</database>
	</source>
	<size>
		<width>640</width>
		<height>640</height>
		<depth>3</depth>
	</size>
	<segmented>0</segmented>
	<object>
		<name>drowsy</name>
		<pose>Unspecified</pose>
		<truncated>0</truncated>
		<difficult>0</difficult>
		<occluded>0</occluded>
		<bndbox>
			<xmin>275</xmin>
			<xmax>405</xmax>
			<ymin>29</ymin>
			<ymax>363</ymax>
		</bndbox>
	</object>
	</annotation>