<annotation>
	<folder />
	<filename>VID_20230502_123940_mp4-199_jpg.rf.aadbd4d4c31840706249ea777d774306.jpg</filename>
	<path>PascalVOC\JPEGImages\VID_20230502_123940_mp4-199_jpg.rf.aadbd4d4c31840706249ea777d774306.jpg</path>
	<source>
		<database>roboflow.com</database>
	</source>
	<size>
		<width>640</width>
		<height>640</height>
		<depth>3</depth>
	</size>
	<segmented>0</segmented>
	<object>
		<name>awake</name>
		<pose>Unspecified</pose>
		<truncated>0</truncated>
		<difficult>0</difficult>
		<occluded>0</occluded>
		<bndbox>
			<xmin>275</xmin>
			<xmax>403</xmax>
			<ymin>37</ymin>
			<ymax>342</ymax>
		</bndbox>
	</object>
	</annotation>