<annotation>
	<folder />
	<filename>VID_20230502_123940_mp4-1310_jpg.rf.4d0475c7f69dc42a0eeb1688cfde3082.jpg</filename>
	<path>PascalVOC\JPEGImages\VID_20230502_123940_mp4-1310_jpg.rf.4d0475c7f69dc42a0eeb1688cfde3082.jpg</path>
	<source>
		<database>roboflow.com</database>
	</source>
	<size>
		<width>640</width>
		<height>640</height>
		<depth>3</depth>
	</size>
	<segmented>0</segmented>
	<object>
		<name>awake</name>
		<pose>Unspecified</pose>
		<truncated>0</truncated>
		<difficult>0</difficult>
		<occluded>0</occluded>
		<bndbox>
			<xmin>277</xmin>
			<xmax>405</xmax>
			<ymin>26</ymin>
			<ymax>347</ymax>
		</bndbox>
	</object>
	</annotation>