<annotation>
	<folder />
	<filename>VID_20230502_123940_mp4-618_jpg.rf.95a7066f7741728e0ef4784a764de5b9.jpg</filename>
	<path>PascalVOC\JPEGImages\VID_20230502_123940_mp4-618_jpg.rf.95a7066f7741728e0ef4784a764de5b9.jpg</path>
	<source>
		<database>roboflow.com</database>
	</source>
	<size>
		<width>640</width>
		<height>640</height>
		<depth>3</depth>
	</size>
	<segmented>0</segmented>
	<object>
		<name>awake</name>
		<pose>Unspecified</pose>
		<truncated>0</truncated>
		<difficult>0</difficult>
		<occluded>0</occluded>
		<bndbox>
			<xmin>277</xmin>
			<xmax>404</xmax>
			<ymin>35</ymin>
			<ymax>361</ymax>
		</bndbox>
	</object>
	</annotation>