<annotation>
	<folder />
	<filename>VID_20230502_123940_mp4-1297_jpg.rf.6557934d9512d5ac81d040b992bb6f13.jpg</filename>
	<path>PascalVOC\JPEGImages\VID_20230502_123940_mp4-1297_jpg.rf.6557934d9512d5ac81d040b992bb6f13.jpg</path>
	<source>
		<database>roboflow.com</database>
	</source>
	<size>
		<width>640</width>
		<height>640</height>
		<depth>3</depth>
	</size>
	<segmented>0</segmented>
	<object>
		<name>awake</name>
		<pose>Unspecified</pose>
		<truncated>0</truncated>
		<difficult>0</difficult>
		<occluded>0</occluded>
		<bndbox>
			<xmin>279</xmin>
			<xmax>408</xmax>
			<ymin>26</ymin>
			<ymax>315</ymax>
		</bndbox>
	</object>
	</annotation>