<annotation>
	<folder />
	<filename>VID_20230502_123940_mp4-1096_jpg.rf.72964b42e56b8fba4ff78d7910d5ae1b.jpg</filename>
	<path>PascalVOC\JPEGImages\VID_20230502_123940_mp4-1096_jpg.rf.72964b42e56b8fba4ff78d7910d5ae1b.jpg</path>
	<source>
		<database>roboflow.com</database>
	</source>
	<size>
		<width>640</width>
		<height>640</height>
		<depth>3</depth>
	</size>
	<segmented>0</segmented>
	<object>
		<name>awake</name>
		<pose>Unspecified</pose>
		<truncated>0</truncated>
		<difficult>0</difficult>
		<occluded>0</occluded>
		<bndbox>
			<xmin>268</xmin>
			<xmax>395</xmax>
			<ymin>37</ymin>
			<ymax>356</ymax>
		</bndbox>
	</object>
	</annotation>