<annotation>
	<folder />
	<filename>VID_20230502_123940_mp4-110_jpg.rf.ad4304696aad60b7d49b2db04b3dfc3a.jpg</filename>
	<path>PascalVOC\JPEGImages\VID_20230502_123940_mp4-110_jpg.rf.ad4304696aad60b7d49b2db04b3dfc3a.jpg</path>
	<source>
		<database>roboflow.com</database>
	</source>
	<size>
		<width>640</width>
		<height>640</height>
		<depth>3</depth>
	</size>
	<segmented>0</segmented>
	<object>
		<name>awake</name>
		<pose>Unspecified</pose>
		<truncated>0</truncated>
		<difficult>0</difficult>
		<occluded>0</occluded>
		<bndbox>
			<xmin>276</xmin>
			<xmax>408</xmax>
			<ymin>18</ymin>
			<ymax>358</ymax>
		</bndbox>
	</object>
	</annotation>