<annotation>
	<folder />
	<filename>VID_20230502_123940_mp4-127_jpg.rf.9a38f2de25147679964d767b4af043e4.jpg</filename>
	<path>PascalVOC\JPEGImages\VID_20230502_123940_mp4-127_jpg.rf.9a38f2de25147679964d767b4af043e4.jpg</path>
	<source>
		<database>roboflow.com</database>
	</source>
	<size>
		<width>640</width>
		<height>640</height>
		<depth>3</depth>
	</size>
	<segmented>0</segmented>
	<object>
		<name>awake</name>
		<pose>Unspecified</pose>
		<truncated>0</truncated>
		<difficult>0</difficult>
		<occluded>0</occluded>
		<bndbox>
			<xmin>274</xmin>
			<xmax>396</xmax>
			<ymin>43</ymin>
			<ymax>338</ymax>
		</bndbox>
	</object>
	</annotation>