<annotation>
	<folder />
	<filename>VID_20230502_123940_mp4-1371_jpg.rf.b2e427621f0e172d9cd20d3207c52c09.jpg</filename>
	<path>PascalVOC\JPEGImages\VID_20230502_123940_mp4-1371_jpg.rf.b2e427621f0e172d9cd20d3207c52c09.jpg</path>
	<source>
		<database>roboflow.com</database>
	</source>
	<size>
		<width>640</width>
		<height>640</height>
		<depth>3</depth>
	</size>
	<segmented>0</segmented>
	<object>
		<name>drowsy</name>
		<pose>Unspecified</pose>
		<truncated>0</truncated>
		<difficult>0</difficult>
		<occluded>0</occluded>
		<bndbox>
			<xmin>249</xmin>
			<xmax>388</xmax>
			<ymin>30</ymin>
			<ymax>383</ymax>
		</bndbox>
	</object>
	</annotation>