<annotation>
	<folder />
	<filename>VID_20230502_123940_mp4-803_jpg.rf.553fce5a9a225e22226a6b948f00f9f7.jpg</filename>
	<path>PascalVOC\JPEGImages\VID_20230502_123940_mp4-803_jpg.rf.553fce5a9a225e22226a6b948f00f9f7.jpg</path>
	<source>
		<database>roboflow.com</database>
	</source>
	<size>
		<width>640</width>
		<height>640</height>
		<depth>3</depth>
	</size>
	<segmented>0</segmented>
	<object>
		<name>awake</name>
		<pose>Unspecified</pose>
		<truncated>0</truncated>
		<difficult>0</difficult>
		<occluded>0</occluded>
		<bndbox>
			<xmin>275</xmin>
			<xmax>401</xmax>
			<ymin>33</ymin>
			<ymax>343</ymax>
		</bndbox>
	</object>
	</annotation>