<annotation>
	<folder />
	<filename>VID_20230502_123940_mp4-622_jpg.rf.8aaf0340b11b9b44c137f0f3d411565a.jpg</filename>
	<path>PascalVOC\JPEGImages\VID_20230502_123940_mp4-622_jpg.rf.8aaf0340b11b9b44c137f0f3d411565a.jpg</path>
	<source>
		<database>roboflow.com</database>
	</source>
	<size>
		<width>640</width>
		<height>640</height>
		<depth>3</depth>
	</size>
	<segmented>0</segmented>
	<object>
		<name>awake</name>
		<pose>Unspecified</pose>
		<truncated>0</truncated>
		<difficult>0</difficult>
		<occluded>0</occluded>
		<bndbox>
			<xmin>280</xmin>
			<xmax>403</xmax>
			<ymin>34</ymin>
			<ymax>345</ymax>
		</bndbox>
	</object>
	</annotation>