<annotation>
	<folder />
	<filename>VID_20230502_123940_mp4-200_jpg.rf.3032e4ff4e1b2973ce53dde0817326d9.jpg</filename>
	<path>PascalVOC\JPEGImages\VID_20230502_123940_mp4-200_jpg.rf.3032e4ff4e1b2973ce53dde0817326d9.jpg</path>
	<source>
		<database>roboflow.com</database>
	</source>
	<size>
		<width>640</width>
		<height>640</height>
		<depth>3</depth>
	</size>
	<segmented>0</segmented>
	<object>
		<name>awake</name>
		<pose>Unspecified</pose>
		<truncated>0</truncated>
		<difficult>0</difficult>
		<occluded>0</occluded>
		<bndbox>
			<xmin>275</xmin>
			<xmax>405</xmax>
			<ymin>33</ymin>
			<ymax>344</ymax>
		</bndbox>
	</object>
	</annotation>