<annotation>
	<folder />
	<filename>VID_20230502_123940_mp4-108_jpg.rf.ca91b3473a5cb5708c86704f35cd5538.jpg</filename>
	<path>PascalVOC\JPEGImages\VID_20230502_123940_mp4-108_jpg.rf.ca91b3473a5cb5708c86704f35cd5538.jpg</path>
	<source>
		<database>roboflow.com</database>
	</source>
	<size>
		<width>640</width>
		<height>640</height>
		<depth>3</depth>
	</size>
	<segmented>0</segmented>
	<object>
		<name>drowsy</name>
		<pose>Unspecified</pose>
		<truncated>0</truncated>
		<difficult>0</difficult>
		<occluded>0</occluded>
		<bndbox>
			<xmin>279</xmin>
			<xmax>411</xmax>
			<ymin>17</ymin>
			<ymax>362</ymax>
		</bndbox>
	</object>
	</annotation>