<annotation>
	<folder />
	<filename>VID_20230502_123940_mp4-341_jpg.rf.b86f0e003a542083e989a11803e9ea73.jpg</filename>
	<path>PascalVOC\JPEGImages\VID_20230502_123940_mp4-341_jpg.rf.b86f0e003a542083e989a11803e9ea73.jpg</path>
	<source>
		<database>roboflow.com</database>
	</source>
	<size>
		<width>640</width>
		<height>640</height>
		<depth>3</depth>
	</size>
	<segmented>0</segmented>
	<object>
		<name>awake</name>
		<pose>Unspecified</pose>
		<truncated>0</truncated>
		<difficult>0</difficult>
		<occluded>0</occluded>
		<bndbox>
			<xmin>284</xmin>
			<xmax>403</xmax>
			<ymin>36</ymin>
			<ymax>333</ymax>
		</bndbox>
	</object>
	</annotation>