<annotation>
	<folder />
	<filename>VID_20230502_123940_mp4-1211_jpg.rf.52ccd34471b864c910f970a767cd2348.jpg</filename>
	<path>PascalVOC\JPEGImages\VID_20230502_123940_mp4-1211_jpg.rf.52ccd34471b864c910f970a767cd2348.jpg</path>
	<source>
		<database>roboflow.com</database>
	</source>
	<size>
		<width>640</width>
		<height>640</height>
		<depth>3</depth>
	</size>
	<segmented>0</segmented>
	<object>
		<name>drowsy</name>
		<pose>Unspecified</pose>
		<truncated>0</truncated>
		<difficult>0</difficult>
		<occluded>0</occluded>
		<bndbox>
			<xmin>275</xmin>
			<xmax>403</xmax>
			<ymin>41</ymin>
			<ymax>362</ymax>
		</bndbox>
	</object>
	</annotation>