<annotation>
	<folder />
	<filename>VID_20230502_123940_mp4-1219_jpg.rf.593432fe15f0f38e9b1fd82d28964f92.jpg</filename>
	<path>PascalVOC\JPEGImages\VID_20230502_123940_mp4-1219_jpg.rf.593432fe15f0f38e9b1fd82d28964f92.jpg</path>
	<source>
		<database>roboflow.com</database>
	</source>
	<size>
		<width>640</width>
		<height>640</height>
		<depth>3</depth>
	</size>
	<segmented>0</segmented>
	<object>
		<name>drowsy</name>
		<pose>Unspecified</pose>
		<truncated>0</truncated>
		<difficult>0</difficult>
		<occluded>0</occluded>
		<bndbox>
			<xmin>274</xmin>
			<xmax>404</xmax>
			<ymin>32</ymin>
			<ymax>362</ymax>
		</bndbox>
	</object>
	</annotation>