<annotation>
	<folder />
	<filename>VID_20230502_123940_mp4-1223_jpg.rf.725dc5455d348d99e27b5067a1189280.jpg</filename>
	<path>PascalVOC\JPEGImages\VID_20230502_123940_mp4-1223_jpg.rf.725dc5455d348d99e27b5067a1189280.jpg</path>
	<source>
		<database>roboflow.com</database>
	</source>
	<size>
		<width>640</width>
		<height>640</height>
		<depth>3</depth>
	</size>
	<segmented>0</segmented>
	<object>
		<name>drowsy</name>
		<pose>Unspecified</pose>
		<truncated>0</truncated>
		<difficult>0</difficult>
		<occluded>0</occluded>
		<bndbox>
			<xmin>275</xmin>
			<xmax>404</xmax>
			<ymin>33</ymin>
			<ymax>356</ymax>
		</bndbox>
	</object>
	</annotation>