<annotation>
	<folder />
	<filename>VID_20230502_123940_mp4-1224_jpg.rf.e00b549faa086430d5848d78c3691b7d.jpg</filename>
	<path>PascalVOC\JPEGImages\VID_20230502_123940_mp4-1224_jpg.rf.e00b549faa086430d5848d78c3691b7d.jpg</path>
	<source>
		<database>roboflow.com</database>
	</source>
	<size>
		<width>640</width>
		<height>640</height>
		<depth>3</depth>
	</size>
	<segmented>0</segmented>
	<object>
		<name>drowsy</name>
		<pose>Unspecified</pose>
		<truncated>0</truncated>
		<difficult>0</difficult>
		<occluded>0</occluded>
		<bndbox>
			<xmin>275</xmin>
			<xmax>401</xmax>
			<ymin>37</ymin>
			<ymax>342</ymax>
		</bndbox>
	</object>
	</annotation>