<annotation>
	<folder />
	<filename>VID_20230502_123940_mp4-1027_jpg.rf.386fe8539674d5f25e9d54add1e636fa.jpg</filename>
	<path>PascalVOC\JPEGImages\VID_20230502_123940_mp4-1027_jpg.rf.386fe8539674d5f25e9d54add1e636fa.jpg</path>
	<source>
		<database>roboflow.com</database>
	</source>
	<size>
		<width>640</width>
		<height>640</height>
		<depth>3</depth>
	</size>
	<segmented>0</segmented>
	<object>
		<name>awake</name>
		<pose>Unspecified</pose>
		<truncated>0</truncated>
		<difficult>0</difficult>
		<occluded>0</occluded>
		<bndbox>
			<xmin>257</xmin>
			<xmax>382</xmax>
			<ymin>50</ymin>
			<ymax>338</ymax>
		</bndbox>
	</object>
	</annotation>