<annotation>
	<folder />
	<filename>VID_20230502_123940_mp4-806_jpg.rf.710c6adeb38e351a0c7dccf5dacbe597.jpg</filename>
	<path>PascalVOC\JPEGImages\VID_20230502_123940_mp4-806_jpg.rf.710c6adeb38e351a0c7dccf5dacbe597.jpg</path>
	<source>
		<database>roboflow.com</database>
	</source>
	<size>
		<width>640</width>
		<height>640</height>
		<depth>3</depth>
	</size>
	<segmented>0</segmented>
	<object>
		<name>awake</name>
		<pose>Unspecified</pose>
		<truncated>0</truncated>
		<difficult>0</difficult>
		<occluded>0</occluded>
		<bndbox>
			<xmin>265</xmin>
			<xmax>398</xmax>
			<ymin>41</ymin>
			<ymax>327</ymax>
		</bndbox>
	</object>
	</annotation>