<annotation>
	<folder />
	<filename>VID_20230502_123940_mp4-930_jpg.rf.c58cdfe95efff2aeb78e7b9f202d9638.jpg</filename>
	<path>PascalVOC\JPEGImages\VID_20230502_123940_mp4-930_jpg.rf.c58cdfe95efff2aeb78e7b9f202d9638.jpg</path>
	<source>
		<database>roboflow.com</database>
	</source>
	<size>
		<width>640</width>
		<height>640</height>
		<depth>3</depth>
	</size>
	<segmented>0</segmented>
	<object>
		<name>awake</name>
		<pose>Unspecified</pose>
		<truncated>0</truncated>
		<difficult>0</difficult>
		<occluded>0</occluded>
		<bndbox>
			<xmin>275</xmin>
			<xmax>393</xmax>
			<ymin>51</ymin>
			<ymax>357</ymax>
		</bndbox>
	</object>
	</annotation>