<annotation>
	<folder />
	<filename>VID_20230502_123940_mp4-369_jpg.rf.298168e9bcef0345ed97f1d85e3a607a.jpg</filename>
	<path>PascalVOC\JPEGImages\VID_20230502_123940_mp4-369_jpg.rf.298168e9bcef0345ed97f1d85e3a607a.jpg</path>
	<source>
		<database>roboflow.com</database>
	</source>
	<size>
		<width>640</width>
		<height>640</height>
		<depth>3</depth>
	</size>
	<segmented>0</segmented>
	<object>
		<name>awake</name>
		<pose>Unspecified</pose>
		<truncated>0</truncated>
		<difficult>0</difficult>
		<occluded>0</occluded>
		<bndbox>
			<xmin>283</xmin>
			<xmax>398</xmax>
			<ymin>39</ymin>
			<ymax>331</ymax>
		</bndbox>
	</object>
	</annotation>