<annotation>
	<folder />
	<filename>VID_20230502_123940_mp4-106_jpg.rf.ef2bb9e2558d3432b2799bc25adcbdf1.jpg</filename>
	<path>PascalVOC\JPEGImages\VID_20230502_123940_mp4-106_jpg.rf.ef2bb9e2558d3432b2799bc25adcbdf1.jpg</path>
	<source>
		<database>roboflow.com</database>
	</source>
	<size>
		<width>640</width>
		<height>640</height>
		<depth>3</depth>
	</size>
	<segmented>0</segmented>
	<object>
		<name>awake</name>
		<pose>Unspecified</pose>
		<truncated>0</truncated>
		<difficult>0</difficult>
		<occluded>0</occluded>
		<bndbox>
			<xmin>278</xmin>
			<xmax>409</xmax>
			<ymin>19</ymin>
			<ymax>346</ymax>
		</bndbox>
	</object>
	</annotation>