<annotation>
	<folder />
	<filename>VID_20230502_123940_mp4-339_jpg.rf.eee41235b5c5da8808058c54ba81fa4d.jpg</filename>
	<path>PascalVOC\JPEGImages\VID_20230502_123940_mp4-339_jpg.rf.eee41235b5c5da8808058c54ba81fa4d.jpg</path>
	<source>
		<database>roboflow.com</database>
	</source>
	<size>
		<width>640</width>
		<height>640</height>
		<depth>3</depth>
	</size>
	<segmented>0</segmented>
	<object>
		<name>awake</name>
		<pose>Unspecified</pose>
		<truncated>0</truncated>
		<difficult>0</difficult>
		<occluded>0</occluded>
		<bndbox>
			<xmin>285</xmin>
			<xmax>403</xmax>
			<ymin>40</ymin>
			<ymax>335</ymax>
		</bndbox>
	</object>
	</annotation>