<annotation>
	<folder />
	<filename>VID_20230502_123940_mp4-1106_jpg.rf.a0b631a7d57f5198eb6228e6248ae7ad.jpg</filename>
	<path>PascalVOC\JPEGImages\VID_20230502_123940_mp4-1106_jpg.rf.a0b631a7d57f5198eb6228e6248ae7ad.jpg</path>
	<source>
		<database>roboflow.com</database>
	</source>
	<size>
		<width>640</width>
		<height>640</height>
		<depth>3</depth>
	</size>
	<segmented>0</segmented>
	<object>
		<name>awake</name>
		<pose>Unspecified</pose>
		<truncated>0</truncated>
		<difficult>0</difficult>
		<occluded>0</occluded>
		<bndbox>
			<xmin>273</xmin>
			<xmax>398</xmax>
			<ymin>30</ymin>
			<ymax>345</ymax>
		</bndbox>
	</object>
	</annotation>