<annotation>
	<folder />
	<filename>VID_20230502_123940_mp4-1341_jpg.rf.77a735e96028a00ddba46d7c5b6ac1e0.jpg</filename>
	<path>PascalVOC\JPEGImages\VID_20230502_123940_mp4-1341_jpg.rf.77a735e96028a00ddba46d7c5b6ac1e0.jpg</path>
	<source>
		<database>roboflow.com</database>
	</source>
	<size>
		<width>640</width>
		<height>640</height>
		<depth>3</depth>
	</size>
	<segmented>0</segmented>
	<object>
		<name>drowsy</name>
		<pose>Unspecified</pose>
		<truncated>0</truncated>
		<difficult>0</difficult>
		<occluded>0</occluded>
		<bndbox>
			<xmin>269</xmin>
			<xmax>397</xmax>
			<ymin>29</ymin>
			<ymax>351</ymax>
		</bndbox>
	</object>
	</annotation>