<annotation>
	<folder />
	<filename>VID_20230502_123940_mp4-771_jpg.rf.9798ac59ddda69b8e547a5a5e62a999d.jpg</filename>
	<path>PascalVOC\JPEGImages\VID_20230502_123940_mp4-771_jpg.rf.9798ac59ddda69b8e547a5a5e62a999d.jpg</path>
	<source>
		<database>roboflow.com</database>
	</source>
	<size>
		<width>640</width>
		<height>640</height>
		<depth>3</depth>
	</size>
	<segmented>0</segmented>
	<object>
		<name>awake</name>
		<pose>Unspecified</pose>
		<truncated>0</truncated>
		<difficult>0</difficult>
		<occluded>0</occluded>
		<bndbox>
			<xmin>276</xmin>
			<xmax>404</xmax>
			<ymin>38</ymin>
			<ymax>334</ymax>
		</bndbox>
	</object>
	</annotation>