<annotation>
	<folder />
	<filename>VID_20230502_123940_mp4-1173_jpg.rf.44b40eb425c2436101af8f8d1dcc1335.jpg</filename>
	<path>PascalVOC\JPEGImages\VID_20230502_123940_mp4-1173_jpg.rf.44b40eb425c2436101af8f8d1dcc1335.jpg</path>
	<source>
		<database>roboflow.com</database>
	</source>
	<size>
		<width>640</width>
		<height>640</height>
		<depth>3</depth>
	</size>
	<segmented>0</segmented>
	<object>
		<name>drowsy</name>
		<pose>Unspecified</pose>
		<truncated>0</truncated>
		<difficult>0</difficult>
		<occluded>0</occluded>
		<bndbox>
			<xmin>286</xmin>
			<xmax>408</xmax>
			<ymin>49</ymin>
			<ymax>322</ymax>
		</bndbox>
	</object>
	</annotation>