<annotation>
	<folder />
	<filename>VID_20230502_123940_mp4-103_jpg.rf.ad0459cbf582575a952f57c5080e0e9b.jpg</filename>
	<path>PascalVOC\JPEGImages\VID_20230502_123940_mp4-103_jpg.rf.ad0459cbf582575a952f57c5080e0e9b.jpg</path>
	<source>
		<database>roboflow.com</database>
	</source>
	<size>
		<width>640</width>
		<height>640</height>
		<depth>3</depth>
	</size>
	<segmented>0</segmented>
	<object>
		<name>awake</name>
		<pose>Unspecified</pose>
		<truncated>0</truncated>
		<difficult>0</difficult>
		<occluded>0</occluded>
		<bndbox>
			<xmin>284</xmin>
			<xmax>408</xmax>
			<ymin>43</ymin>
			<ymax>348</ymax>
		</bndbox>
	</object>
	</annotation>