<annotation>
	<folder />
	<filename>VID_20230502_123940_mp4-1049_jpg.rf.01cee420b12b237cdba1962bac4b08b8.jpg</filename>
	<path>PascalVOC\JPEGImages\VID_20230502_123940_mp4-1049_jpg.rf.01cee420b12b237cdba1962bac4b08b8.jpg</path>
	<source>
		<database>roboflow.com</database>
	</source>
	<size>
		<width>640</width>
		<height>640</height>
		<depth>3</depth>
	</size>
	<segmented>0</segmented>
	<object>
		<name>awake</name>
		<pose>Unspecified</pose>
		<truncated>0</truncated>
		<difficult>0</difficult>
		<occluded>0</occluded>
		<bndbox>
			<xmin>255</xmin>
			<xmax>380</xmax>
			<ymin>38</ymin>
			<ymax>351</ymax>
		</bndbox>
	</object>
	</annotation>