<annotation>
	<folder />
	<filename>VID_20230502_123940_mp4-625_jpg.rf.c35a8fef1b2c9b86d041235248d8e8a7.jpg</filename>
	<path>PascalVOC\JPEGImages\VID_20230502_123940_mp4-625_jpg.rf.c35a8fef1b2c9b86d041235248d8e8a7.jpg</path>
	<source>
		<database>roboflow.com</database>
	</source>
	<size>
		<width>640</width>
		<height>640</height>
		<depth>3</depth>
	</size>
	<segmented>0</segmented>
	<object>
		<name>awake</name>
		<pose>Unspecified</pose>
		<truncated>0</truncated>
		<difficult>0</difficult>
		<occluded>0</occluded>
		<bndbox>
			<xmin>275</xmin>
			<xmax>404</xmax>
			<ymin>36</ymin>
			<ymax>359</ymax>
		</bndbox>
	</object>
	</annotation>