<annotation>
	<folder />
	<filename>VID_20230502_123940_mp4-331_jpg.rf.f9cd777467912d24f46003b76da47fd2.jpg</filename>
	<path>PascalVOC\JPEGImages\VID_20230502_123940_mp4-331_jpg.rf.f9cd777467912d24f46003b76da47fd2.jpg</path>
	<source>
		<database>roboflow.com</database>
	</source>
	<size>
		<width>640</width>
		<height>640</height>
		<depth>3</depth>
	</size>
	<segmented>0</segmented>
	<object>
		<name>awake</name>
		<pose>Unspecified</pose>
		<truncated>0</truncated>
		<difficult>0</difficult>
		<occluded>0</occluded>
		<bndbox>
			<xmin>283</xmin>
			<xmax>405</xmax>
			<ymin>28</ymin>
			<ymax>335</ymax>
		</bndbox>
	</object>
	</annotation>