<annotation>
	<folder />
	<filename>VID_20230502_123940_mp4-1225_jpg.rf.ef0f80522455de94ddc34e8d0e8a5f1d.jpg</filename>
	<path>PascalVOC\JPEGImages\VID_20230502_123940_mp4-1225_jpg.rf.ef0f80522455de94ddc34e8d0e8a5f1d.jpg</path>
	<source>
		<database>roboflow.com</database>
	</source>
	<size>
		<width>640</width>
		<height>640</height>
		<depth>3</depth>
	</size>
	<segmented>0</segmented>
	<object>
		<name>drowsy</name>
		<pose>Unspecified</pose>
		<truncated>0</truncated>
		<difficult>0</difficult>
		<occluded>0</occluded>
		<bndbox>
			<xmin>275</xmin>
			<xmax>403</xmax>
			<ymin>32</ymin>
			<ymax>338</ymax>
		</bndbox>
	</object>
	</annotation>